{
"type": "FeatureCollection",
"name": "ukr_admin2",
"crs": { "type": "name", "properties": { "name": "urn:ogc:def:crs:OGC:1.3:CRS84" } },
"features": [
{ "type": "Feature", "properties": { "adm2_name": "Rakhivskyi", "adm2_name1": "Рахівський", "adm2_name2": null, "adm2_name3": null, "adm2_pcode": "UA2106", "adm1_name": "Zakarpatska", "adm1_name1": "Закарпатська", "adm1_name2": null, "adm1_name3": null, "adm1_pcode": "UA21", "adm0_name": "Ukraine", "adm0_name1": "Україна", "adm0_name2": null, "adm0_name3": null, "adm0_pcode": "UA", "valid_on": "2025-09-01", "valid_to": null, "area_sqkm": 1844.7333944699999, "version": "v05", "lang": "en", "lang1": "uk", "lang2": null, "lang3": null, "center_lat": null, "center_lon": null }, "geometry": { "type": "Polygon", "coordinates": [ [ [ 24.294350289000192, 48.397969430000046 ], [ 24.293914538000081, 48.398088761000054 ], [ 24.293136671000127, 48.398448980000069 ], [ 24.29249084900016, 48.398790659000042 ], [ 24.290059703000111, 48.400188017000175 ], [ 24.289514393000104, 48.400527813000053 ], [ 24.289111294000065, 48.400706828000011 ], [ 24.288703774999988, 48.400828294000121 ], [ 24.288093968000055, 48.400877112999979 ], [ 24.285338935000141, 48.401076857000191 ], [ 24.284037303000048, 48.401234940000052 ], [ 24.283825300000046, 48.401218755 ], [ 24.283656148000091, 48.401120026000115 ], [ 24.283265640000081, 48.400394158000097 ], [ 24.283268162000127, 48.40021318600003 ], [ 24.283377268000095, 48.400078491000158 ], [ 24.283798203000174, 48.399795974000142 ], [ 24.284165842000164, 48.399490317000186 ], [ 24.284492698000179, 48.399172010000029 ], [ 24.28455219500006, 48.39890957199998 ], [ 24.284740232000047, 48.398399503000178 ], [ 24.284798555000179, 48.398060697 ], [ 24.285013955000068, 48.397724345000086 ], [ 24.285133677000033, 48.397540087000095 ], [ 24.285312695000073, 48.397070167000152 ], [ 24.285361292000118, 48.396787827000026 ], [ 24.285271805000093, 48.396475877000171 ], [ 24.285164947000112, 48.396181672000068 ], [ 24.284796540000116, 48.395447477000175 ], [ 24.283430769000176, 48.393693615000188 ], [ 24.283050154000023, 48.39338500600013 ], [ 24.282136154000057, 48.392701006000038 ], [ 24.281616155000108, 48.392333007000047 ], [ 24.281270154000026, 48.392122006000079 ], [ 24.281144155000163, 48.391891007000083 ], [ 24.281143154000176, 48.391701005000129 ], [ 24.281333683000184, 48.391206379999971 ], [ 24.281346153000186, 48.391174005000096 ], [ 24.28165915400001, 48.390362006000146 ], [ 24.28184733900008, 48.389857354000128 ], [ 24.282014610000147, 48.389408778000131 ], [ 24.282080154000028, 48.389233006000154 ], [ 24.28250315400004, 48.388548006000121 ], [ 24.282942154000125, 48.388042006000035 ], [ 24.283789155000136, 48.387377006000065 ], [ 24.284621154000149, 48.386838006000062 ], [ 24.285013869000068, 48.386606226000026 ], [ 24.285282445000064, 48.386447716000077 ], [ 24.285715008000068, 48.38617999000013 ], [ 24.286378153000157, 48.385677005000161 ], [ 24.286590702000069, 48.385465540000155 ], [ 24.286770154000124, 48.385287005000066 ], [ 24.286848071000122, 48.384946359000139 ], [ 24.28684773100008, 48.384808528000178 ], [ 24.286845043000028, 48.384150564000095 ], [ 24.286832759000106, 48.38394658500016 ], [ 24.286819981000122, 48.383734405000041 ], [ 24.286813154000129, 48.383621006000169 ], [ 24.286841541000115, 48.383505169000045 ], [ 24.286923454000032, 48.383170925000115 ], [ 24.2869371540001, 48.383115006000025 ], [ 24.287078534000102, 48.382851910000113 ], [ 24.287379884000131, 48.382421466000039 ], [ 24.287673154000061, 48.382092006000107 ], [ 24.287932747000127, 48.38183938200018 ], [ 24.288085068000044, 48.381691149000062 ], [ 24.288269153000101, 48.381512006000094 ], [ 24.288587504000077, 48.381228576000069 ], [ 24.288661153000191, 48.381163006000179 ], [ 24.288802154000052, 48.380984006000119 ], [ 24.288784951000139, 48.380870571000059 ], [ 24.288770152000097, 48.380773006000027 ], [ 24.288681051000083, 48.380642736000084 ], [ 24.288657796, 48.380608735000067 ], [ 24.288633330000096, 48.380572967000091 ], [ 24.288612153000031, 48.380542005000052 ], [ 24.288263558000097, 48.38021185600013 ], [ 24.288045153000041, 48.38000500600009 ], [ 24.287705414000072, 48.379768069000136 ], [ 24.287226154000052, 48.379552005000164 ], [ 24.28696569300007, 48.379440984000155 ], [ 24.28648715300011, 48.37923700500005 ], [ 24.285825014000125, 48.379004566999981 ], [ 24.285527154000135, 48.378900006000151 ], [ 24.284626186000025, 48.378666325999973 ], [ 24.284112155000059, 48.378533005000065 ], [ 24.28406854300016, 48.378517735000059 ], [ 24.283856023000169, 48.378443319000098 ], [ 24.283121153000138, 48.378186004000042 ], [ 24.282848093000098, 48.378010156000073 ], [ 24.282680153000058, 48.37790200600017 ], [ 24.28244315500018, 48.37748100500005 ], [ 24.282353798000145, 48.376911820000146 ], [ 24.282316211000136, 48.376672399000142 ], [ 24.282251154000164, 48.376258006000057 ], [ 24.282227703000103, 48.375331250000102 ], [ 24.282191888000057, 48.374587464 ], [ 24.282184782000172, 48.37443991400005 ], [ 24.282100525000033, 48.374390056000038 ], [ 24.28090504700009, 48.373682619000192 ], [ 24.276965891000089, 48.372375327000043 ], [ 24.274849443000164, 48.371663591000129 ], [ 24.274669246000087, 48.37138978500019 ], [ 24.273710231000052, 48.369721176000098 ], [ 24.273121301000174, 48.36869643600005 ], [ 24.273080875000176, 48.368622804000154 ], [ 24.273136298000054, 48.368530847999978 ], [ 24.274539059000062, 48.36620330400018 ], [ 24.274727538000093, 48.365915834000191 ], [ 24.274471733000155, 48.365707875000112 ], [ 24.274295478000056, 48.365564586000062 ], [ 24.274149510000029, 48.365459345000147 ], [ 24.273606156000028, 48.365071006000107 ], [ 24.273090155999967, 48.364616006000119 ], [ 24.272762156, 48.364365007 ], [ 24.271872154999983, 48.364052006000122 ], [ 24.271836157000052, 48.364040006000039 ], [ 24.270260731000064, 48.363293716000101 ], [ 24.269415146000028, 48.362854722 ], [ 24.26893015600001, 48.362507006000044 ], [ 24.26830915700009, 48.362046006000071 ], [ 24.267849157000057, 48.361584006000044 ], [ 24.267389156000092, 48.36100000600004 ], [ 24.267204156000048, 48.360661006000043 ], [ 24.267135156, 48.36035400600008 ], [ 24.267188099000066, 48.360224900000048 ], [ 24.2672210610001, 48.360144520000119 ], [ 24.267249156000048, 48.360076006000156 ], [ 24.267562385000133, 48.359724423000102 ], [ 24.267592155999978, 48.359691006000105 ], [ 24.267887889000065, 48.359354587000041 ], [ 24.267920764, 48.359261362000098 ], [ 24.268072156000073, 48.358813006000105 ], [ 24.268111751000106, 48.35859751800001 ], [ 24.268129349000105, 48.358501741 ], [ 24.267987723000147, 48.357368684000164 ], [ 24.267509159000156, 48.356616953000014 ], [ 24.265833689999965, 48.354688107000129 ], [ 24.26537380100001, 48.354312976000074 ], [ 24.264665511000032, 48.354106214000012 ], [ 24.264000734000035, 48.35397905700006 ], [ 24.263272996000012, 48.353885217000141 ], [ 24.26260660500003, 48.353767463000167 ], [ 24.262252945000114, 48.353578297000126 ], [ 24.262004611000179, 48.35335905200003 ], [ 24.261638743000105, 48.352825691000021 ], [ 24.260985255000037, 48.35180309500015 ], [ 24.260761933000026, 48.351428072000147 ], [ 24.260551579000037, 48.351137604000087 ], [ 24.260317382000096, 48.350919438000176 ], [ 24.260028095000052, 48.350730426000155 ], [ 24.259527751, 48.350396529000136 ], [ 24.258993979000081, 48.350007628000185 ], [ 24.258753636, 48.34990817400012 ], [ 24.25846306800014, 48.349809641999968 ], [ 24.25824609700004, 48.349740582000152 ], [ 24.258030507000115, 48.349705 ], [ 24.257703923000122, 48.349732429000085 ], [ 24.257522160000065, 48.349782449000145 ], [ 24.257434827000054, 48.349792865000097 ], [ 24.25692791400013, 48.349932817000138 ], [ 24.256440675000022, 48.350062355000034 ], [ 24.25357091300009, 48.351523079000117 ], [ 24.252604923000092, 48.351995466000176 ], [ 24.251664446000177, 48.352471647000073 ], [ 24.250958856000068, 48.353037338000036 ], [ 24.250363202000187, 48.353587615000038 ], [ 24.248348751000037, 48.356555885000148 ], [ 24.247564341000157, 48.357163188000186 ], [ 24.246463467000183, 48.357531680000136 ], [ 24.240638175000129, 48.358538874000146 ], [ 24.23906322900018, 48.358619355000144 ], [ 24.238239584000155, 48.358528299000056 ], [ 24.237456605000148, 48.358370975000014 ], [ 24.234436077000169, 48.357611383000062 ], [ 24.233197600000096, 48.357299461000025 ], [ 24.232527950000076, 48.357148292000034 ], [ 24.229796282000052, 48.35684096000017 ], [ 24.229108192000126, 48.356674490000103 ], [ 24.227098119000175, 48.35600073300003 ], [ 24.22659647100005, 48.355852956000149 ], [ 24.221004221999976, 48.358164123000165 ], [ 24.218151454, 48.359517952000147 ], [ 24.214305270000125, 48.362268423000103 ], [ 24.211504913000113, 48.36418393200006 ], [ 24.209948524000083, 48.365340261000085 ], [ 24.209518912000021, 48.365251730000125 ], [ 24.208438734000026, 48.364982597000164 ], [ 24.206424662000188, 48.364405510999973 ], [ 24.204709613000091, 48.363837129000046 ], [ 24.20383481500005, 48.363497961000064 ], [ 24.203282550999972, 48.363340976000131 ], [ 24.20262719700014, 48.363283312000135 ], [ 24.201933516, 48.363322810000057 ], [ 24.201227583000104, 48.363432872000089 ], [ 24.200659316000099, 48.363553544000126 ], [ 24.199963530000105, 48.363728743000138 ], [ 24.199253913000064, 48.363859964000085 ], [ 24.198116921000121, 48.364165612000136 ], [ 24.19660058400018, 48.364677986000061 ], [ 24.194948110000041, 48.365294260000098 ], [ 24.194194764000088, 48.365615163000086 ], [ 24.193418940000186, 48.366014155000073 ], [ 24.193237638000085, 48.366079586000069 ], [ 24.192869171999973, 48.366239549000056 ], [ 24.19236494, 48.366366638000159 ], [ 24.191851413000052, 48.366445550000151 ], [ 24.191389897000079, 48.366445689000045 ], [ 24.190753254000072, 48.366403704000049 ], [ 24.190063661000124, 48.366357628000117 ], [ 24.189460470000029, 48.366246703000115 ], [ 24.188937548000126, 48.366106215 ], [ 24.18844117000009, 48.36587480500009 ], [ 24.187342982000189, 48.365339476000088 ], [ 24.185588849000055, 48.36450317900011 ], [ 24.18492598, 48.364180230000102 ], [ 24.184388052000088, 48.364002804000165 ], [ 24.183773857000176, 48.36395536100008 ], [ 24.183152297999982, 48.363950255000191 ], [ 24.182135551000158, 48.364057641000159 ], [ 24.181148879000034, 48.364238857000089 ], [ 24.180143016000045, 48.364468641000087 ], [ 24.179438865000122, 48.364814703000093 ], [ 24.178945270999975, 48.365184186000192 ], [ 24.178743730000122, 48.365503585000056 ], [ 24.178421976000095, 48.366482664000159 ], [ 24.178397712000049, 48.366592825000168 ], [ 24.178369419000148, 48.366721244000189 ], [ 24.175641200000086, 48.363465491 ], [ 24.172450547000153, 48.359657330000175 ], [ 24.171269213000073, 48.358423398000184 ], [ 24.170448288000102, 48.357666938000136 ], [ 24.169721155000104, 48.357092625000121 ], [ 24.168257703000165, 48.35611151400002 ], [ 24.167921217000185, 48.355710007000141 ], [ 24.167590292000057, 48.35485933200016 ], [ 24.16699819300004, 48.354124357000046 ], [ 24.166407599000024, 48.353503557000181 ], [ 24.166001279000113, 48.35325008600006 ], [ 24.165923969000119, 48.353201857999977 ], [ 24.165933606000124, 48.353064778000032 ], [ 24.16594324100015, 48.35292769800003 ], [ 24.166305433000105, 48.352468543000157 ], [ 24.167182602000082, 48.351626400000043 ], [ 24.167953587, 48.35032019700003 ], [ 24.16841145300009, 48.349525841000059 ], [ 24.168117781000092, 48.34838929600005 ], [ 24.167742223000118, 48.347253600000045 ], [ 24.167932573000087, 48.346963221000124 ], [ 24.168260642000121, 48.346725330000027 ], [ 24.168282186000113, 48.346626243000117 ], [ 24.16830373200014, 48.346527155000103 ], [ 24.167613810000091, 48.345290327000043 ], [ 24.166821950000099, 48.344114985000147 ], [ 24.166370481000115, 48.343645627000058 ], [ 24.166088904, 48.343068710000182 ], [ 24.16595735400017, 48.342612723000059 ], [ 24.166260886000032, 48.342245567000191 ], [ 24.166508907000036, 48.342000531000167 ], [ 24.166354920000174, 48.341575124000087 ], [ 24.165957988, 48.340907524000102 ], [ 24.165760713000111, 48.340556083000024 ], [ 24.165504374000136, 48.340270701000065 ], [ 24.165237116000071, 48.339914460000159 ], [ 24.164877086000104, 48.339303216000189 ], [ 24.164483404000066, 48.339028154000175 ], [ 24.164059480000162, 48.338916415000085 ], [ 24.162723653, 48.338924116000101 ], [ 24.162232411000048, 48.338904107000133 ], [ 24.161712228999988, 48.338412288000029 ], [ 24.161605089000034, 48.338384019000102 ], [ 24.161497947000043, 48.338355750000176 ], [ 24.161141270000087, 48.338407959000108 ], [ 24.160801408000054, 48.338615447000052 ], [ 24.160345602000177, 48.338686576000157 ], [ 24.159887339000022, 48.338567405000163 ], [ 24.159552607000023, 48.338287662000027 ], [ 24.159022610000136, 48.337917688000118 ], [ 24.158903045999978, 48.337499686 ], [ 24.158227875000023, 48.337381751000123 ], [ 24.157632722000073, 48.337270966000119 ], [ 24.157254103000071, 48.337128492000033 ], [ 24.157190185000104, 48.337041313000043 ], [ 24.157126269000173, 48.336954135000099 ], [ 24.156997064000052, 48.336673212000051 ], [ 24.156978424000101, 48.33655532500012 ], [ 24.156959782000172, 48.336437438000075 ], [ 24.157195723000029, 48.336139203000187 ], [ 24.157604180000192, 48.335938945000123 ], [ 24.157576452, 48.335558479000099 ], [ 24.15753799600003, 48.335231363 ], [ 24.157582097000045, 48.335109311000053 ], [ 24.157626196000024, 48.334987259000059 ], [ 24.158051796999985, 48.334345377000091 ], [ 24.1588623990001, 48.333457690000046 ], [ 24.160183352000047, 48.332308246000025 ], [ 24.160964456000045, 48.331793725000125 ], [ 24.159634537000045, 48.331359833000135 ], [ 24.157943123000052, 48.330334219000179 ], [ 24.157723102999967, 48.330514502000085 ], [ 24.157344363999982, 48.33082484 ], [ 24.155933867999977, 48.330055787000049 ], [ 24.155886081000062, 48.330029730000149 ], [ 24.155838292000112, 48.330003673000192 ], [ 24.155631841000172, 48.329928724000126 ], [ 24.155647501000033, 48.32981444700016 ], [ 24.155663161000064, 48.329700171000127 ], [ 24.155691730000058, 48.329651336000097 ], [ 24.155819560000111, 48.329432843 ], [ 24.15576741100017, 48.329372240000055 ], [ 24.155715262000058, 48.329311637000103 ], [ 24.15554130300012, 48.329099479000149 ], [ 24.155091531000039, 48.328744253000082 ], [ 24.154859916000134, 48.328486747000113 ], [ 24.154637286000025, 48.328038877000154 ], [ 24.154357778000133, 48.32760655400017 ], [ 24.153323251000074, 48.32704910800004 ], [ 24.152493336000077, 48.326421981000124 ], [ 24.151628713000036, 48.325756980999984 ], [ 24.151039026000035, 48.325166545000172 ], [ 24.149933777000115, 48.32442676900007 ], [ 24.148919487000057, 48.323656019000055 ], [ 24.148321430000067, 48.323301603000061 ], [ 24.147744556000077, 48.322853607000127 ], [ 24.14738631400013, 48.322469493000142 ], [ 24.146487103000084, 48.32176658700007 ], [ 24.145681720000141, 48.321261072000084 ], [ 24.145224768000162, 48.320900984000104 ], [ 24.14498607500002, 48.320404761000191 ], [ 24.144830989000184, 48.319872755000063 ], [ 24.144693019000101, 48.318486000000121 ], [ 24.144801744000119, 48.316645218000076 ], [ 24.144981699000027, 48.314644323000152 ], [ 24.144858615000146, 48.313912010000024 ], [ 24.144327159000056, 48.313397337000026 ], [ 24.144793312000161, 48.313257700000065 ], [ 24.145489327000121, 48.313246184000036 ], [ 24.147119364000048, 48.313092391000168 ], [ 24.147158148000074, 48.313000823000039 ], [ 24.147196934000078, 48.312909254000033 ], [ 24.148164313999985, 48.312698271000102 ], [ 24.148604221000085, 48.313190603000123 ], [ 24.148996559000011, 48.313530956000136 ], [ 24.150425825000184, 48.312845371000151 ], [ 24.151063903000193, 48.312765637000155 ], [ 24.151312440000083, 48.312566305000189 ], [ 24.151725071000044, 48.311810330000071 ], [ 24.155133796000086, 48.311466351000092 ], [ 24.155711518000089, 48.311201516000153 ], [ 24.156240331000049, 48.310612337000123 ], [ 24.156585156000062, 48.310186986000019 ], [ 24.159116859, 48.309789068000157 ], [ 24.159828917000141, 48.310135062000029 ], [ 24.161282380000046, 48.31049589100013 ], [ 24.162057097000115, 48.310358249999979 ], [ 24.164397284000017, 48.309537833000036 ], [ 24.163542134000124, 48.30871300400014 ], [ 24.164241492000087, 48.308084742000176 ], [ 24.164794773000153, 48.307632407000142 ], [ 24.164479680999989, 48.307093739000152 ], [ 24.164017349000119, 48.306639657000062 ], [ 24.164106658000151, 48.306206865000149 ], [ 24.164561330000083, 48.305471800000191 ], [ 24.165441408999982, 48.304705461000083 ], [ 24.163079084, 48.303797984000028 ], [ 24.161862299000177, 48.303234051 ], [ 24.16004833500017, 48.302369032000115 ], [ 24.160225779000086, 48.301972162000141 ], [ 24.160448366000139, 48.301536971000132 ], [ 24.160341170000152, 48.301187410000068 ], [ 24.160017992000064, 48.300899988000083 ], [ 24.158772617000125, 48.299879434 ], [ 24.157283221000171, 48.298510085000146 ], [ 24.157416800000135, 48.298250496000037 ], [ 24.158391904000155, 48.296889890000102 ], [ 24.158016028000134, 48.29693771500007 ], [ 24.157113918000107, 48.296874358000082 ], [ 24.156438311000102, 48.296680289000108 ], [ 24.155794692000029, 48.296310946000176 ], [ 24.155120604000047, 48.295683470000142 ], [ 24.154691028, 48.29386599500009 ], [ 24.154547623000155, 48.293356771000049 ], [ 24.154588099000136, 48.29295307700005 ], [ 24.154731021000032, 48.292619022000054 ], [ 24.155679855000017, 48.291993090000119 ], [ 24.15402494500006, 48.286371430000031 ], [ 24.150573884000096, 48.280483660000129 ], [ 24.1504013710001, 48.280202868000174 ], [ 24.149932615000012, 48.279439904000128 ], [ 24.148188499000128, 48.276601057000164 ], [ 24.147477056000184, 48.275492069000052 ], [ 24.146901325000044, 48.275053780000121 ], [ 24.145395727000164, 48.274125891000153 ], [ 24.144202168000106, 48.273523576000173 ], [ 24.142896220000068, 48.273058977000176 ], [ 24.14185953000009, 48.27275344200001 ], [ 24.141381241000033, 48.272612480000078 ], [ 24.139760642000113, 48.27243954700009 ], [ 24.138623376000169, 48.272318187000167 ], [ 24.138375160000066, 48.272141826000052 ], [ 24.13795221099997, 48.271841315000131 ], [ 24.137691335000056, 48.271657975000096 ], [ 24.136722456000086, 48.271030351000036 ], [ 24.135693748000051, 48.27023387700018 ], [ 24.135314790000166, 48.27015186400007 ], [ 24.134275516000173, 48.269926944000133 ], [ 24.133839101000035, 48.270248932000129 ], [ 24.133768700000132, 48.270322277000048 ], [ 24.133698299000059, 48.270395621000091 ], [ 24.133361612000044, 48.270604792000086 ], [ 24.133027681000044, 48.270742462000101 ], [ 24.13267340800013, 48.271014011000091 ], [ 24.132282956000154, 48.271510341000123 ], [ 24.132122237999965, 48.271681379000029 ], [ 24.132105675000105, 48.271760396000104 ], [ 24.132089110999971, 48.271839415000159 ], [ 24.131999165000025, 48.27211804 ], [ 24.131881092000071, 48.272111735000124 ], [ 24.131763017000026, 48.27210543100017 ], [ 24.131369922999966, 48.27209233800005 ], [ 24.130972324000027, 48.272122221000132 ], [ 24.130884550000076, 48.272086520000073 ], [ 24.130796774000089, 48.272050820000175 ], [ 24.130797644000154, 48.271831762000147 ], [ 24.130837389000135, 48.271723543000178 ], [ 24.130877134000173, 48.271615323999981 ], [ 24.131064013000071, 48.271405482000034 ], [ 24.131593914000121, 48.270780018000153 ], [ 24.131537343000161, 48.270687959000099 ], [ 24.131480773000078, 48.270595899000114 ], [ 24.131305271000144, 48.270310301000109 ], [ 24.131200401000171, 48.270240833000059 ], [ 24.131095532000131, 48.270171368000092 ], [ 24.130713932000162, 48.269996065000043 ], [ 24.130475033000039, 48.269821634000095 ], [ 24.130397125000172, 48.269630306000067 ], [ 24.130294406000075, 48.269783702000154 ], [ 24.130268043000115, 48.26987122700001 ], [ 24.130235117000041, 48.269980543000031 ], [ 24.12996032500007, 48.270035646000053 ], [ 24.129879895000158, 48.269944985999985 ], [ 24.129799463000097, 48.269854326000143 ], [ 24.12959529800014, 48.269664662000082 ], [ 24.12932679100004, 48.269550186 ], [ 24.129240166000102, 48.269611060000102 ], [ 24.12915354200004, 48.269671934000144 ], [ 24.128787785000043, 48.269639041000175 ], [ 24.128618895000102, 48.269508392000091 ], [ 24.128623000000175, 48.269440066000129 ], [ 24.128627949000133, 48.269357698000078 ], [ 24.128558638000186, 48.26927387700016 ], [ 24.12840504400009, 48.269211397000163 ], [ 24.128183442000022, 48.269203146000109 ], [ 24.128138245000116, 48.269280563000166 ], [ 24.12811935100018, 48.26935746900017 ], [ 24.128094406000116, 48.269458996000139 ], [ 24.127796012000147, 48.269632715000171 ], [ 24.12697075900013, 48.269783744000165 ], [ 24.126561393000031, 48.269971065000107 ], [ 24.126095774000134, 48.270288479000101 ], [ 24.12559842100012, 48.270175675000189 ], [ 24.125579506000065, 48.270115920000137 ], [ 24.125560589000031, 48.270056166000131 ], [ 24.125115155000117, 48.269061341000167 ], [ 24.12538573400019, 48.268808655000043 ], [ 24.12499834200014, 48.267897253000115 ], [ 24.124763660000042, 48.267364194000152 ], [ 24.124710299000185, 48.267015668000113 ], [ 24.124895382000147, 48.266717795000034 ], [ 24.124781423, 48.266428056000166 ], [ 24.124558252000099, 48.26627699300019 ], [ 24.124614324000163, 48.266144561000033 ], [ 24.124667595, 48.26601874500011 ], [ 24.124764731000084, 48.265925435000042 ], [ 24.125580152000111, 48.265142123000089 ], [ 24.124738068000056, 48.265379236000058 ], [ 24.123853654000072, 48.265628268000057 ], [ 24.123578401000145, 48.265646538000169 ], [ 24.123475637000183, 48.265627905000144 ], [ 24.123372872000118, 48.265609271000187 ], [ 24.123274388000141, 48.265397677000067 ], [ 24.123238350000179, 48.265269717000137 ], [ 24.123202313000093, 48.265141757000038 ], [ 24.123125777000155, 48.264869997000119 ], [ 24.122906876000059, 48.263744523000071 ], [ 24.12313515600016, 48.263356928000064 ], [ 24.123841522000134, 48.262654550000036 ], [ 24.123904126000184, 48.26230795500004 ], [ 24.123763244000088, 48.261755655000172 ], [ 24.124432064000132, 48.26072167500007 ], [ 24.124434048000126, 48.260598283000149 ], [ 24.124436033000052, 48.260474890000182 ], [ 24.12426302, 48.260385397000164 ], [ 24.124177374000055, 48.260384154000121 ], [ 24.124091726000074, 48.260382913000115 ], [ 24.123759814000152, 48.260377654000138 ], [ 24.123458200000073, 48.260343 ], [ 24.123363081999969, 48.26027416300019 ], [ 24.123267966000128, 48.260205324000083 ], [ 24.123229949000063, 48.259939012000075 ], [ 24.123198728999967, 48.259771520000072 ], [ 24.123096969000073, 48.259681435000175 ], [ 24.122797968000157, 48.259689563000109 ], [ 24.122424404000128, 48.259878277000098 ], [ 24.122008991000143, 48.260082412000031 ], [ 24.121858123999971, 48.260415063000096 ], [ 24.121594566000056, 48.260829342000193 ], [ 24.121402966000176, 48.261020250000172 ], [ 24.121281022, 48.261077942000156 ], [ 24.121159078000062, 48.261135635000016 ], [ 24.12081034199997, 48.2613006200001 ], [ 24.120031392000044, 48.261507480000148 ], [ 24.11977534500005, 48.261572080000178 ], [ 24.11965212299998, 48.261603170000114 ], [ 24.119528901000081, 48.261634259000061 ], [ 24.119320317000074, 48.261896573000115 ], [ 24.119252046000042, 48.262272192000182 ], [ 24.119271258000026, 48.262919157000169 ], [ 24.119511366000154, 48.263217543000167 ], [ 24.120414991000075, 48.263217496000095 ], [ 24.121176522999974, 48.263093667000021 ], [ 24.12175831899998, 48.263050380000095 ], [ 24.122231831000079, 48.262916343000143 ], [ 24.121971319000011, 48.263322207000101 ], [ 24.121850840000093, 48.26368557700016 ], [ 24.121845012000165, 48.263787130000139 ], [ 24.121839184, 48.263888687000076 ], [ 24.121827065, 48.264099887000157 ], [ 24.121646174000034, 48.264569058000177 ], [ 24.121292627, 48.264957557000059 ], [ 24.121229197000105, 48.265027259000135 ], [ 24.121165766000104, 48.265096960000164 ], [ 24.120481526000162, 48.265791099000126 ], [ 24.120224209000071, 48.265738212000088 ], [ 24.120097848, 48.265712240000084 ], [ 24.119930380000028, 48.26574357200019 ], [ 24.119302144000073, 48.266040375000159 ], [ 24.118570505000037, 48.266542351000112 ], [ 24.118504344000144, 48.26658748 ], [ 24.11843804199998, 48.26663270500012 ], [ 24.117834404000121, 48.267044442000156 ], [ 24.11725035000012, 48.267408483000168 ], [ 24.116955584999971, 48.267461765000178 ], [ 24.116892443000097, 48.267473179000035 ], [ 24.116829301, 48.267484592000187 ], [ 24.11605134500013, 48.26726799700009 ], [ 24.115774693000162, 48.267018263000068 ], [ 24.116753432000053, 48.265916810000135 ], [ 24.116353294000135, 48.265827604000037 ], [ 24.114192277000143, 48.265321508000056 ], [ 24.113755847999983, 48.265057397000191 ], [ 24.114178601000106, 48.264179696000099 ], [ 24.114837382000132, 48.263970637000114 ], [ 24.114644937000094, 48.263134283000056 ], [ 24.114113583, 48.262558565000177 ], [ 24.113981365000086, 48.261804698000049 ], [ 24.114164011000128, 48.260952953000185 ], [ 24.114812184000186, 48.260106971000027 ], [ 24.114750250000043, 48.259829061000119 ], [ 24.113161489000106, 48.259180941000125 ], [ 24.112428291000015, 48.258913514000142 ], [ 24.112323946, 48.258155296000098 ], [ 24.112513889000184, 48.257489507000173 ], [ 24.112745183000129, 48.25681075600005 ], [ 24.112263872000028, 48.256600166000055 ], [ 24.111924897000108, 48.256853185000068 ], [ 24.110619974000087, 48.257362550000039 ], [ 24.110335342000155, 48.256435325000155 ], [ 24.112885100000085, 48.25536600300012 ], [ 24.112896421000016, 48.255258175000108 ], [ 24.112907741000072, 48.25515034700004 ], [ 24.112768501000119, 48.254945550000059 ], [ 24.111691392000068, 48.25447930200005 ], [ 24.110413838000056, 48.254409963000114 ], [ 24.109337940000046, 48.254042651000077 ], [ 24.108239679, 48.254672694000078 ], [ 24.106654903, 48.254650613000081 ], [ 24.106106255999975, 48.254943966000155 ], [ 24.105328084000064, 48.255236159000049 ], [ 24.104180120000137, 48.25552385900005 ], [ 24.10408685200008, 48.256316057000049 ], [ 24.103726115000143, 48.256660517000114 ], [ 24.100915445000112, 48.258068335000075 ], [ 24.099807377000104, 48.258850601000177 ], [ 24.099724903000038, 48.259597063000115 ], [ 24.100083016000099, 48.259998662000044 ], [ 24.100727828000117, 48.260543401000064 ], [ 24.101495433000139, 48.26081754500018 ], [ 24.101794281000025, 48.261070707000158 ], [ 24.102294752000091, 48.261867114000097 ], [ 24.102722302000132, 48.262428499000066 ], [ 24.102867429000128, 48.263135707000174 ], [ 24.102060847000018, 48.263383533000024 ], [ 24.101504551000176, 48.264018829 ], [ 24.101271764000046, 48.264296524000031 ], [ 24.100793231000125, 48.264637991000086 ], [ 24.100179268000034, 48.264745031000075 ], [ 24.09953092100011, 48.264519684000163 ], [ 24.099505832000091, 48.264461858000175 ], [ 24.099480745000051, 48.264404033000119 ], [ 24.099390030000109, 48.264194935000035 ], [ 24.099301428000047, 48.263673550000135 ], [ 24.099109348000184, 48.264284320000058 ], [ 24.09900239000018, 48.26462441200016 ], [ 24.098928098999977, 48.264693078000107 ], [ 24.098853805999966, 48.264761744000111 ], [ 24.09864826200004, 48.264900613000179 ], [ 24.098553977000108, 48.264874588000055 ], [ 24.09845969100013, 48.264848561000122 ], [ 24.098397275000139, 48.264288376000025 ], [ 24.097621865000121, 48.263966451000158 ], [ 24.097577142000034, 48.263942767000117 ], [ 24.097532419000174, 48.263919082000029 ], [ 24.097091412000168, 48.26368553500015 ], [ 24.096802122000042, 48.263378258000046 ], [ 24.096504660000107, 48.2630623 ], [ 24.096444626000107, 48.262156896000079 ], [ 24.095980662000102, 48.261574227000096 ], [ 24.094864849000089, 48.261253124000064 ], [ 24.094791911000073, 48.261246070000027 ], [ 24.094718969999974, 48.261239015000058 ], [ 24.093950293999967, 48.261164670000028 ], [ 24.093508343999986, 48.261521788000096 ], [ 24.093369401000132, 48.262025495000103 ], [ 24.093363736000128, 48.262817262000169 ], [ 24.093328678000034, 48.262855084000137 ], [ 24.093293618000189, 48.262892906000047 ], [ 24.093084928000167, 48.263118045000112 ], [ 24.092395088999979, 48.263498273000152 ], [ 24.091800246000048, 48.263826131000087 ], [ 24.091753746000109, 48.263851761000069 ], [ 24.091707247000102, 48.263877390000118 ], [ 24.09201143100006, 48.264450196000098 ], [ 24.093352475000188, 48.264563053000131 ], [ 24.094004354, 48.264734776000012 ], [ 24.094454549000034, 48.265212044000066 ], [ 24.094603896000081, 48.265371382000126 ], [ 24.094671773000073, 48.265443799000138 ], [ 24.094739648000086, 48.265516215000105 ], [ 24.09489918800017, 48.265686428000095 ], [ 24.095063634999974, 48.266002927000045 ], [ 24.095109019, 48.266090272000099 ], [ 24.095118092000121, 48.266240376000098 ], [ 24.095132579, 48.266480086 ], [ 24.095092090000151, 48.266564932000108 ], [ 24.09505160100008, 48.266649778000044 ], [ 24.094930015000102, 48.266904564000129 ], [ 24.094747804000065, 48.267229535000126 ], [ 24.094517983000117, 48.267639424000038 ], [ 24.094508657000063, 48.267690605000098 ], [ 24.094499330000133, 48.267741787000034 ], [ 24.094368019000171, 48.268462456000066 ], [ 24.09435926000009, 48.268601723000131 ], [ 24.094350501000122, 48.268740991000129 ], [ 24.094318853000175, 48.26924413800009 ], [ 24.09450653000016, 48.269695574000139 ], [ 24.094043349000117, 48.26992957300007 ], [ 24.093481614000098, 48.270213361000117 ], [ 24.091725073000134, 48.27088917400016 ], [ 24.091220785000189, 48.270679909000137 ], [ 24.090528964000043, 48.27039282100003 ], [ 24.090244954000184, 48.270650443000193 ], [ 24.090244562000123, 48.270732592000172 ], [ 24.090244170000119, 48.270814739000116 ], [ 24.090197450000176, 48.270896458000038 ], [ 24.090157076000025, 48.270967071000086 ], [ 24.090147294000076, 48.271070899000165 ], [ 24.090137512000183, 48.27117472600014 ], [ 24.090234583000097, 48.271364959000152 ], [ 24.090275912000095, 48.271466635000024 ], [ 24.09029938700013, 48.271524389000035 ], [ 24.090335097000093, 48.271612238000102 ], [ 24.090357398000037, 48.27180448200005 ], [ 24.090337348, 48.271980579000115 ], [ 24.090325636000102, 48.272083429000077 ], [ 24.090308451, 48.272234341000171 ], [ 24.090323758000125, 48.272358813000153 ], [ 24.090329461000124, 48.272405193000054 ], [ 24.090323516000126, 48.272483914000134 ], [ 24.09031756800016, 48.272562645000164 ], [ 24.090231420000123, 48.272673418000181 ], [ 24.090198427000132, 48.272715840000103 ], [ 24.090161725000144, 48.272816820000116 ], [ 24.090125022, 48.27291780000013 ], [ 24.090147664000142, 48.273159354000029 ], [ 24.090151367000146, 48.273198876000095 ], [ 24.090155072000186, 48.273238399000093 ], [ 24.089252357000191, 48.273526943000149 ], [ 24.088892826, 48.273065214000042 ], [ 24.088704432999975, 48.272720684000149 ], [ 24.088689895000016, 48.272694100000081 ], [ 24.088675359999968, 48.272667516000183 ], [ 24.087984842000026, 48.272822974000121 ], [ 24.087691935000066, 48.272696927000084 ], [ 24.086437918000115, 48.272710148000158 ], [ 24.086212573000068, 48.272354265000104 ], [ 24.086186502000089, 48.272313090000182 ], [ 24.086156323000182, 48.272268482000072 ], [ 24.085878009000055, 48.272035711000058 ], [ 24.085891882000055, 48.271975718000135 ], [ 24.085905060000073, 48.271918722000066 ], [ 24.085941377000154, 48.271761647000119 ], [ 24.085814802000073, 48.271769863000088 ], [ 24.085614207999981, 48.271782882000196 ], [ 24.08545590600005, 48.271793156000172 ], [ 24.085412820000045, 48.271795953000094 ], [ 24.085290582000027, 48.27180388700009 ], [ 24.084680344, 48.271520103000057 ], [ 24.084608375000187, 48.271466179000186 ], [ 24.084536404000175, 48.271412254000097 ], [ 24.08430537900017, 48.271239156000149 ], [ 24.084224919000064, 48.271178868000106 ], [ 24.084303901000055, 48.270998698000142 ], [ 24.084347209000043, 48.270963241000118 ], [ 24.084499321000067, 48.27083870000007 ], [ 24.08444855, 48.270735904000048 ], [ 24.084397780000074, 48.270633108000084 ], [ 24.084034937000183, 48.270529760000045 ], [ 24.083686006000164, 48.270509367000045 ], [ 24.083621699999981, 48.270518694000032 ], [ 24.083557394000024, 48.270528020000086 ], [ 24.083385530000157, 48.270632025000111 ], [ 24.083362740000041, 48.270725031000154 ], [ 24.083339951000028, 48.270818039 ], [ 24.083092187000148, 48.270967536000057 ], [ 24.08273782200007, 48.270886574000087 ], [ 24.082699620000085, 48.270902429999978 ], [ 24.082661419000033, 48.270918285000164 ], [ 24.082014131000108, 48.271186924000062 ], [ 24.080420839000112, 48.271615344000168 ], [ 24.080057969000109, 48.27192827500005 ], [ 24.079434138000067, 48.272466250000093 ], [ 24.078671364, 48.273124040000141 ], [ 24.078622147000146, 48.273056024000027 ], [ 24.078568379000103, 48.272981720000075 ], [ 24.077880682000171, 48.272083865000127 ], [ 24.077030128000104, 48.271063469000069 ], [ 24.076670833000151, 48.270547617000034 ], [ 24.076720859000034, 48.270433179000179 ], [ 24.076770883000052, 48.270318739000118 ], [ 24.077118024000129, 48.270112280000149 ], [ 24.077690431000121, 48.269956335000131 ], [ 24.078143428000033, 48.26968000800008 ], [ 24.077873748000115, 48.269199343000025 ], [ 24.077776147000122, 48.269199831000094 ], [ 24.077678554000101, 48.269200319000106 ], [ 24.077407956000116, 48.269148047000044 ], [ 24.077155848000018, 48.268958386000065 ], [ 24.077158552000071, 48.268823844000167 ], [ 24.077159963000099, 48.26875370800019 ], [ 24.07716255400004, 48.268624896 ], [ 24.07682358500017, 48.268473271000175 ], [ 24.076208670000028, 48.268180235000102 ], [ 24.076184525000031, 48.26806138000012 ], [ 24.076162769, 48.267954282000119 ], [ 24.076191242000164, 48.267444098 ], [ 24.076434612000071, 48.267340909000097 ], [ 24.076486324000086, 48.267308387000071 ], [ 24.076538036000102, 48.267275864000112 ], [ 24.077156194000054, 48.266887091000058 ], [ 24.077968610000141, 48.266758193000044 ], [ 24.078438162999987, 48.26656110000016 ], [ 24.078611822000084, 48.266187424000123 ], [ 24.078622395000139, 48.265645605000145 ], [ 24.078162287999987, 48.264937652000128 ], [ 24.078165069000136, 48.26483183900018 ], [ 24.078167851000046, 48.264726028000041 ], [ 24.078175508000015, 48.264434793000191 ], [ 24.078197166000052, 48.264312553000195 ], [ 24.078202367000017, 48.264283207000062 ], [ 24.078213627000082, 48.264219658000059 ], [ 24.077956043000086, 48.263835487000165 ], [ 24.077848448000168, 48.263832134000154 ], [ 24.077740854000126, 48.263828781000143 ], [ 24.077528435000033, 48.263487183999985 ], [ 24.077063474000056, 48.263504093000051 ], [ 24.076999380000075, 48.263416530000029 ], [ 24.077003951000165, 48.263364408000143 ], [ 24.077027947000033, 48.263090787000181 ], [ 24.077158672999985, 48.262833093000154 ], [ 24.077348136000126, 48.262422620000052 ], [ 24.077370918999975, 48.262373260000061 ], [ 24.077393703000098, 48.262323899000137 ], [ 24.07751859800004, 48.261999147000097 ], [ 24.077611402000059, 48.261985947000028 ], [ 24.077704204000099, 48.261972747000186 ], [ 24.077918405000162, 48.261799163000035 ], [ 24.078098852000096, 48.261597913000116 ], [ 24.078172306000113, 48.261485238000091 ], [ 24.078073639000024, 48.261466403000043 ], [ 24.077117961, 48.261171847000185 ], [ 24.076462679000144, 48.261159630000179 ], [ 24.076371262000123, 48.261151365000103 ], [ 24.076279844000055, 48.261143099000151 ], [ 24.076198502000068, 48.261237430000051 ], [ 24.076134842000101, 48.261311256000113 ], [ 24.076049299000033, 48.261311762000162 ], [ 24.075963758000171, 48.261312265000072 ], [ 24.075930088000064, 48.261291517000132 ], [ 24.075736051000092, 48.261171944000125 ], [ 24.075624131000041, 48.261178511000026 ], [ 24.075464808000106, 48.26128633999997 ], [ 24.075442452, 48.261372773000119 ], [ 24.075412720000031, 48.261487721000037 ], [ 24.075325257000031, 48.261500777000037 ], [ 24.075237793000042, 48.261513831000059 ], [ 24.075070739000068, 48.261314746000039 ], [ 24.074909658000024, 48.261036933000071 ], [ 24.074967290000131, 48.260749696000175 ], [ 24.07510923000018, 48.260687535000102 ], [ 24.075227852000012, 48.260635586000149 ], [ 24.075031558000148, 48.260572987000046 ], [ 24.074763933000099, 48.260569437000072 ], [ 24.07383153800015, 48.261074118000181 ], [ 24.072007155999984, 48.260380110000142 ], [ 24.072177994000128, 48.259923232000176 ], [ 24.072208216000149, 48.259842406000075 ], [ 24.072238439000046, 48.259761580000145 ], [ 24.072365216000151, 48.259588962000066 ], [ 24.072713845000123, 48.259114273000137 ], [ 24.073211017000062, 48.2589656130001 ], [ 24.073702498000102, 48.258656306000148 ], [ 24.073966239000185, 48.258372483000016 ], [ 24.074118388999977, 48.258160093000072 ], [ 24.073982282000031, 48.258096055000067 ], [ 24.073878223000179, 48.258047095000109 ], [ 24.07392465800001, 48.257475354000121 ], [ 24.073748616000046, 48.25718946000012 ], [ 24.073895955000069, 48.256829827000104 ], [ 24.073925677000034, 48.256691018000083 ], [ 24.073952548000022, 48.256565511000076 ], [ 24.074563228000102, 48.255454835000194 ], [ 24.075382714000057, 48.254324078000195 ], [ 24.075130902000183, 48.253825723000091 ], [ 24.074813081000116, 48.253992974000141 ], [ 24.0745071340001, 48.254035096000052 ], [ 24.074372621000066, 48.25405 ], [ 24.074238081000146, 48.254064906000053 ], [ 24.073917542000174, 48.253847308000161 ], [ 24.073717154000121, 48.253849694000166 ], [ 24.073637790000078, 48.253938121000147 ], [ 24.073596018000046, 48.254003479 ], [ 24.073560386000111, 48.254059231000042 ], [ 24.073423368000135, 48.254226577 ], [ 24.073340532000032, 48.254331465000178 ], [ 24.073257698000077, 48.254436352000027 ], [ 24.073056572000155, 48.254561953000064 ], [ 24.072986490000062, 48.254601027000092 ], [ 24.072916404000125, 48.254640102000053 ], [ 24.072633059, 48.254795299000193 ], [ 24.072305429999972, 48.254979645000162 ], [ 24.072405723000031, 48.255054338000036 ], [ 24.072506014000055, 48.255129031000081 ], [ 24.072649228000046, 48.255126185 ], [ 24.072765956000069, 48.255123864000097 ], [ 24.072846813000126, 48.255184481000072 ], [ 24.072927668000148, 48.255245096000181 ], [ 24.072810123000124, 48.255503610000062 ], [ 24.072206177000055, 48.255776888000128 ], [ 24.071948754000175, 48.255805709000128 ], [ 24.071826029000022, 48.255819449000171 ], [ 24.071703303, 48.2558331890001 ], [ 24.071198443000128, 48.256094289000032 ], [ 24.070597612000086, 48.256300813000053 ], [ 24.070468331000143, 48.256285222000088 ], [ 24.07033905000003, 48.256269631000123 ], [ 24.070161652000081, 48.256154550000133 ], [ 24.070110924000119, 48.256121642000039 ], [ 24.07006019500011, 48.25608873300007 ], [ 24.069766897000022, 48.255714681000029 ], [ 24.069297593999977, 48.255541916000027 ], [ 24.068827389999967, 48.254558952000082 ], [ 24.068512946000112, 48.253657878000126 ], [ 24.067875071000174, 48.25267139400006 ], [ 24.067495001000168, 48.251287778000119 ], [ 24.066837493000094, 48.250583050999978 ], [ 24.066411319, 48.250181684000097 ], [ 24.064260655000055, 48.250511981000159 ], [ 24.064446370000041, 48.250815574000114 ], [ 24.064827612000158, 48.251278070000012 ], [ 24.065069990000154, 48.251550933000146 ], [ 24.065435443000069, 48.251835107000034 ], [ 24.065488644000141, 48.251897400000132 ], [ 24.06554184200013, 48.25195969300006 ], [ 24.065662214000099, 48.252151130000129 ], [ 24.065668081000183, 48.252249181000195 ], [ 24.06567394800004, 48.252347231000101 ], [ 24.065438321000158, 48.252430895000145 ], [ 24.065134386000125, 48.252367417000187 ], [ 24.06509682900014, 48.252359574000195 ], [ 24.065059271000052, 48.252351729000168 ], [ 24.064701211000113, 48.252228185000035 ], [ 24.064304966000066, 48.252091468000174 ], [ 24.063592310000104, 48.2529665080001 ], [ 24.063083560000109, 48.253349628000194 ], [ 24.062893125000073, 48.253655064000043 ], [ 24.062862437000035, 48.25397494200007 ], [ 24.062959390000117, 48.254499735000081 ], [ 24.063299456000038, 48.254844443000138 ], [ 24.063877899000033, 48.255096629000036 ], [ 24.064335528000129, 48.255246637000027 ], [ 24.064702975000046, 48.255488436000064 ], [ 24.064936482000121, 48.256361892000029 ], [ 24.064823190000141, 48.257007767000118 ], [ 24.063536432000092, 48.257224102000123 ], [ 24.062707091000107, 48.257228720000171 ], [ 24.062616639000112, 48.257229224000014 ], [ 24.062526189999971, 48.257229727000151 ], [ 24.061637135000069, 48.256849881000164 ], [ 24.061584309000125, 48.256791185000111 ], [ 24.06153148300001, 48.256732488000125 ], [ 24.061429683000142, 48.256619377000106 ], [ 24.061390604000167, 48.256575957000052 ], [ 24.061351526000124, 48.256532536000122 ], [ 24.061142536000091, 48.256072399000175 ], [ 24.060922599000094, 48.255879948000143 ], [ 24.059898595999982, 48.256060025000181 ], [ 24.059905995000179, 48.256470829000079 ], [ 24.059393603000046, 48.256793289000086 ], [ 24.061060482000016, 48.258064083000079 ], [ 24.061530947000165, 48.25834345200019 ], [ 24.061878102000037, 48.258813736000036 ], [ 24.06217875100009, 48.259200508000049 ], [ 24.062285686000166, 48.259595840000088 ], [ 24.06246176000019, 48.259865599000136 ], [ 24.062622546000171, 48.260165135000193 ], [ 24.06240936800009, 48.260478293000176 ], [ 24.061312058000055, 48.261260133000064 ], [ 24.060936350000077, 48.261307642000133 ], [ 24.060445972000025, 48.261294806000137 ], [ 24.060242015000085, 48.261409988000082 ], [ 24.060300844999972, 48.261577178000096 ], [ 24.060701521000112, 48.261727477000136 ], [ 24.061125333000177, 48.261908112000071 ], [ 24.061505544000113, 48.262271660000181 ], [ 24.06130275300012, 48.262493414 ], [ 24.060781825000163, 48.262815683000156 ], [ 24.060270711000157, 48.26299326200018 ], [ 24.059273958, 48.262548971000115 ], [ 24.058834153000134, 48.262129056000106 ], [ 24.058365087000027, 48.261997245000089 ], [ 24.057399893000138, 48.261176261 ], [ 24.057305455000119, 48.260888937000061 ], [ 24.057287315000053, 48.260753217 ], [ 24.057269174000055, 48.260617496000066 ], [ 24.056494379000185, 48.260659309000062 ], [ 24.056181367000192, 48.261231765000161 ], [ 24.055600944000048, 48.26132592100015 ], [ 24.054747158000112, 48.261444229000176 ], [ 24.054222582000023, 48.261431532000074 ], [ 24.053834148000078, 48.261357278000162 ], [ 24.053818227000079, 48.26093866399998 ], [ 24.053970184000093, 48.260229963000086 ], [ 24.053635393000036, 48.259843334000152 ], [ 24.053189975000123, 48.259769351000159 ], [ 24.052156925000077, 48.260177780000106 ], [ 24.051363177000155, 48.260577440000134 ], [ 24.051908500000081, 48.261245501000076 ], [ 24.052072154000086, 48.262060802000121 ], [ 24.052444131000073, 48.262498233000144 ], [ 24.052415750000137, 48.263038861000155 ], [ 24.051462596000135, 48.26346212500016 ], [ 24.050635164000028, 48.26391522900019 ], [ 24.050579262000042, 48.264018267000154 ], [ 24.050523361000103, 48.264121304000071 ], [ 24.050200002999986, 48.264800368000124 ], [ 24.049464316000183, 48.265306314000043 ], [ 24.048988645000122, 48.265605474000154 ], [ 24.047772859000077, 48.265999510000029 ], [ 24.047079657000097, 48.265121828000076 ], [ 24.047050793000039, 48.264579397000034 ], [ 24.047353338000107, 48.264083142000118 ], [ 24.047356940000043, 48.263352319000148 ], [ 24.046326335000117, 48.262930915000084 ], [ 24.045811523000168, 48.262765882 ], [ 24.045505082000147, 48.262896749000106 ], [ 24.045107678000136, 48.263050883000062 ], [ 24.044728141000064, 48.262740567000151 ], [ 24.044658367000125, 48.261538112000039 ], [ 24.044680245, 48.260540651000042 ], [ 24.044241948999968, 48.260079984000186 ], [ 24.043983645000083, 48.259808494000083 ], [ 24.042565438000111, 48.25990613800019 ], [ 24.042181414000083, 48.259932574000061 ], [ 24.042053792000047, 48.259941359000152 ], [ 24.041926169000021, 48.259950145000175 ], [ 24.040723912000146, 48.260032902000034 ], [ 24.040508781000028, 48.260252866000087 ], [ 24.040527470000029, 48.26044759500013 ], [ 24.040554591000046, 48.260534780000171 ], [ 24.040581712000062, 48.260621966000087 ], [ 24.040539883000065, 48.260973412000055 ], [ 24.040527526000062, 48.26106493900005 ], [ 24.040518267999971, 48.261133503000053 ], [ 24.040193481000017, 48.261364533000176 ], [ 24.04009115100007, 48.261437324000042 ], [ 24.040016910000077, 48.261490134000155 ], [ 24.039960729000143, 48.261530096000058 ], [ 24.039668990000052, 48.261737617000108 ], [ 24.039259906000154, 48.261919127000056 ], [ 24.039178127000014, 48.262019212000041 ], [ 24.039158327000166, 48.262043443000039 ], [ 24.03911614600014, 48.262095064000107 ], [ 24.038834407000024, 48.262439869000104 ], [ 24.038725000000113, 48.262518948000036 ], [ 24.038586475000102, 48.262467854000022 ], [ 24.038607345000059, 48.262345885000173 ], [ 24.038634598000101, 48.26225202300003 ], [ 24.038649144000033, 48.262201929000184 ], [ 24.038725277000026, 48.262042785000119 ], [ 24.038767876000122, 48.261944662000076 ], [ 24.038789015000191, 48.261895970000182 ], [ 24.038831931000175, 48.261797124000168 ], [ 24.038899068000148, 48.261522021000019 ], [ 24.038929198000119, 48.261398558000053 ], [ 24.038952398000106, 48.261303497000085 ], [ 24.03889884400013, 48.261077129000171 ], [ 24.038872073000107, 48.260963969000045 ], [ 24.038708359000054, 48.26090005400016 ], [ 24.038420544000132, 48.260832678000099 ], [ 24.038277850000043, 48.260826704000124 ], [ 24.038141742000164, 48.260821005000139 ], [ 24.037849887999982, 48.260842068000159 ], [ 24.037746253000023, 48.260860521000041 ], [ 24.03756158300007, 48.260898246000011 ], [ 24.03731695700003, 48.261037827000109 ], [ 24.037083527000107, 48.261203094000052 ], [ 24.036885047, 48.26134361600009 ], [ 24.036817127000063, 48.261391702000026 ], [ 24.036662397999976, 48.261537607999969 ], [ 24.036284967000086, 48.26188716300004 ], [ 24.035767178000185, 48.262242466000032 ], [ 24.035417067000083, 48.262314352000146 ], [ 24.035069777000103, 48.262279760000126 ], [ 24.034757254000112, 48.26214027900005 ], [ 24.034741728000029, 48.261744498000041 ], [ 24.034874483000124, 48.261355641000137 ], [ 24.034800206999989, 48.260792655999978 ], [ 24.034666796000067, 48.260279714000035 ], [ 24.034597280000185, 48.259918155000037 ], [ 24.034365236000156, 48.259530992000066 ], [ 24.034030835000124, 48.259167142000138 ], [ 24.033762699000135, 48.258597444000088 ], [ 24.033599380000055, 48.258240411000145 ], [ 24.032877645000099, 48.257901191000144 ], [ 24.03273816300009, 48.257643010000152 ], [ 24.032146643000033, 48.25760054 ], [ 24.032189310999968, 48.257498717000033 ], [ 24.032245142000079, 48.257371240000055 ], [ 24.032539632000123, 48.257187175000183 ], [ 24.032672946000105, 48.256851605000122 ], [ 24.033434326000076, 48.256282546000023 ], [ 24.033318961000191, 48.256250722000061 ], [ 24.033197099000063, 48.25621712100002 ], [ 24.032951839000191, 48.255925127000069 ], [ 24.032907707000106, 48.255850731000123 ], [ 24.03291890600002, 48.255747807000091 ], [ 24.03292637100003, 48.255679035000128 ], [ 24.032841651000126, 48.255294472000173 ], [ 24.033152356000187, 48.254717829000185 ], [ 24.033080184000085, 48.254352832000052 ], [ 24.032616947, 48.254183658000102 ], [ 24.032544598000186, 48.254086916000119 ], [ 24.032472247000101, 48.253990172999977 ], [ 24.032469167000045, 48.253693369000132 ], [ 24.032657726000082, 48.253190030000155 ], [ 24.03278999600002, 48.252692865000142 ], [ 24.033150559000092, 48.252350364000108 ], [ 24.033395463000147, 48.251785862000133 ], [ 24.033321704000173, 48.251268622000168 ], [ 24.033606419000023, 48.250847552000096 ], [ 24.033838090000074, 48.250504933000116 ], [ 24.034161470000186, 48.250328465000052 ], [ 24.03422294500001, 48.250278254000079 ], [ 24.034306244000106, 48.250118359000112 ], [ 24.034377415, 48.25000339200011 ], [ 24.034448585000064, 48.249888425000051 ], [ 24.034751263000032, 48.249657231000128 ], [ 24.035243800000046, 48.249342741000021 ], [ 24.035911455000132, 48.248933174000172 ], [ 24.036500585, 48.248197417000142 ], [ 24.036601507, 48.247967216000177 ], [ 24.036625627000035, 48.24791220100019 ], [ 24.036649743999988, 48.247857188000125 ], [ 24.036670675000039, 48.247675205000121 ], [ 24.036717380000084, 48.247269133000088 ], [ 24.036744808000037, 48.247195139000155 ], [ 24.03677994100002, 48.247100362000026 ], [ 24.036828785000182, 48.246968590000165 ], [ 24.036869878000118, 48.246909130000063 ], [ 24.037037875000067, 48.246666039000104 ], [ 24.037040908000051, 48.246545464000121 ], [ 24.037043943000015, 48.246424894000143 ], [ 24.036995101000059, 48.246113042000047 ], [ 24.036840980000022, 48.245852520000028 ], [ 24.036778805000097, 48.245747422000193 ], [ 24.036716632000036, 48.245642326000052 ], [ 24.036357832000192, 48.24511869600002 ], [ 24.036131612000133, 48.24419108 ], [ 24.036196079000035, 48.243817729000114 ], [ 24.036083164000047, 48.243482277000112 ], [ 24.035750690000043, 48.242841360000114 ], [ 24.035699620000059, 48.242759880000108 ], [ 24.03564854900003, 48.242678399 ], [ 24.035804585000164, 48.242342717000156 ], [ 24.036172148000105, 48.241526457000077 ], [ 24.036520488000122, 48.241052853000156 ], [ 24.036545109000144, 48.240965535000043 ], [ 24.03656973000011, 48.240878216 ], [ 24.036557082000172, 48.240192458000138 ], [ 24.036565291000045, 48.239887954000153 ], [ 24.036615378000192, 48.239773514000092 ], [ 24.036665465000169, 48.239659073000155 ], [ 24.036837118000051, 48.239580599000192 ], [ 24.037012929000127, 48.239500226000018 ], [ 24.037053751000144, 48.239392129000066 ], [ 24.037094574000037, 48.239284031000182 ], [ 24.036989166000012, 48.239010492000034 ], [ 24.036954257000048, 48.238942124000062 ], [ 24.036919348000083, 48.238873756000089 ], [ 24.03684813100017, 48.238600092000183 ], [ 24.036857848000182, 48.238483865000035 ], [ 24.036867565000023, 48.23836763700001 ], [ 24.036797049000029, 48.238075040000069 ], [ 24.036725581000155, 48.237778512000034 ], [ 24.036768528000039, 48.237527066000041 ], [ 24.036777506000078, 48.23740351500004 ], [ 24.03678452000014, 48.237307015000056 ], [ 24.036788451, 48.23725292000006 ], [ 24.036883834000037, 48.237020498000049 ], [ 24.036942680999971, 48.236877102000051 ], [ 24.036952898000038, 48.236852204000172 ], [ 24.036932796000144, 48.236763823000047 ], [ 24.03692419500004, 48.236726007000073 ], [ 24.036827415000062, 48.236486481000156 ], [ 24.036873587000116, 48.236369933000105 ], [ 24.036941807000119, 48.236243138000191 ], [ 24.037169711000104, 48.235954395000192 ], [ 24.03724207199997, 48.235747138000193 ], [ 24.037223802000085, 48.235664294000117 ], [ 24.037205529000062, 48.235581449000051 ], [ 24.037162519000049, 48.235231420000162 ], [ 24.037217441000166, 48.235030577000146 ], [ 24.037289401000066, 48.234891779 ], [ 24.037229564000029, 48.234708851000164 ], [ 24.037128514000187, 48.234431780000079 ], [ 24.036946486000033, 48.234190898000065 ], [ 24.036922988000072, 48.234168671000077 ], [ 24.03672781299997, 48.233984071000066 ], [ 24.036417805999974, 48.233714909000184 ], [ 24.03584379900019, 48.233498544000156 ], [ 24.035433066000053, 48.233182039000155 ], [ 24.035191659000077, 48.233058524000114 ], [ 24.035140641000112, 48.23301063800011 ], [ 24.035067820000052, 48.232932645000119 ], [ 24.035039657000084, 48.232902482000043 ], [ 24.034831505000113, 48.232679543000131 ], [ 24.034790480000026, 48.232641592000107 ], [ 24.034749454000178, 48.232603639000047 ], [ 24.034492390000025, 48.23236583500011 ], [ 24.034255888000189, 48.232130585 ], [ 24.034208220000153, 48.23208295500018 ], [ 24.034064813999976, 48.231991265000033 ], [ 24.033948967000072, 48.23191719600004 ], [ 24.033782468000084, 48.231818629000145 ], [ 24.033752625000034, 48.231800962000193 ], [ 24.03372278300003, 48.23178329700005 ], [ 24.033387349000179, 48.231685019999986 ], [ 24.03326355300004, 48.231651489000171 ], [ 24.033139753000114, 48.231617957000026 ], [ 24.032866763000072, 48.231544015000168 ], [ 24.032412712999985, 48.231398274000071 ], [ 24.032157293000182, 48.231233631000066 ], [ 24.031661027000155, 48.230813990000058 ], [ 24.031605532000071, 48.230765307000183 ], [ 24.031550038000091, 48.230716624000195 ], [ 24.031341572000088, 48.230533751000053 ], [ 24.031270092000057, 48.230492484000081 ], [ 24.031198613000072, 48.230451219000145 ], [ 24.031060176000096, 48.230400886000155 ], [ 24.030939147000083, 48.230356882000081 ], [ 24.030755636000094, 48.230266493000158 ], [ 24.030731427000148, 48.230244971000161 ], [ 24.030506803000037, 48.230098043000055 ], [ 24.030457239000043, 48.230013047000114 ], [ 24.030407674000116, 48.229928051 ], [ 24.030319169000165, 48.229696015000172 ], [ 24.030219420000151, 48.229305085000192 ], [ 24.030139808000115, 48.229201538000041 ], [ 24.030060196000136, 48.229097990000184 ], [ 24.029683945000158, 48.228685324000139 ], [ 24.029432037000106, 48.228492577000111 ], [ 24.029138998000121, 48.228357457000129 ], [ 24.028898568000102, 48.228057271000125 ], [ 24.028849631000071, 48.228001704000064 ], [ 24.028800697000122, 48.227946136000071 ], [ 24.028196771000069, 48.22726035400018 ], [ 24.027993702, 48.227035355000112 ], [ 24.02767731400013, 48.22668480100009 ], [ 24.027266224000073, 48.226284950000149 ], [ 24.027161614000079, 48.226191340000184 ], [ 24.027057008000156, 48.226097733000188 ], [ 24.02657119700018, 48.225663008000026 ], [ 24.026545077000151, 48.225571949000027 ], [ 24.026518956000018, 48.225480890000028 ], [ 24.026424788000043, 48.225151174000132 ], [ 24.026329198000155, 48.224761008000144 ], [ 24.026403198000082, 48.224369008000053 ], [ 24.026416151000149, 48.224161753000033 ], [ 24.026422174, 48.224065380000184 ], [ 24.026428197000087, 48.223969007999983 ], [ 24.026379198000029, 48.223595007000029 ], [ 24.026236031000167, 48.223353503000169 ], [ 24.026208614000097, 48.223307256000112 ], [ 24.026181197000085, 48.223261008000065 ], [ 24.025933199000178, 48.222995008000055 ], [ 24.025559346000023, 48.22271599600009 ], [ 24.025513057000012, 48.222658463000187 ], [ 24.025473599000122, 48.222668964000093 ], [ 24.025004198000147, 48.222446008000134 ], [ 24.024556990000065, 48.222284547000186 ], [ 24.024198196000043, 48.222155007000083 ], [ 24.023802199000045, 48.221964008000043 ], [ 24.023723708000034, 48.221907798000188 ], [ 24.023645217000023, 48.22185158700006 ], [ 24.023418195999966, 48.221689008000169 ], [ 24.023064079000108, 48.221348217000127 ], [ 24.022676108000041, 48.220916027999976 ], [ 24.022377198000186, 48.220590008000045 ], [ 24.02217919900005, 48.220115008000164 ], [ 24.022116783000058, 48.219898745000137 ], [ 24.022093884000185, 48.219819402000041 ], [ 24.022070984000095, 48.219740060000049 ], [ 24.022004948000131, 48.219511256000089 ], [ 24.021994198000129, 48.219474008000077 ], [ 24.021724900000038, 48.218042044000072 ], [ 24.021488197999986, 48.217225008000128 ], [ 24.021267199000079, 48.216508008000119 ], [ 24.021031200000039, 48.21593400800009 ], [ 24.020673199000157, 48.215359008000121 ], [ 24.020239198000013, 48.21487600800009 ], [ 24.020060587000103, 48.214349512000069 ], [ 24.019818964000081, 48.213724050000167 ], [ 24.020066488000111, 48.213538457000027 ], [ 24.020652568000116, 48.213099108000165 ], [ 24.021031877000155, 48.21276534499998 ], [ 24.021134330000052, 48.212547565000079 ], [ 24.021160624000061, 48.212491673999978 ], [ 24.021186901000192, 48.212435814000173 ], [ 24.021335801000077, 48.212119299 ], [ 24.021376908000036, 48.212013404000061 ], [ 24.021418014000062, 48.211907508000138 ], [ 24.02159759500006, 48.211444884000059 ], [ 24.021611786000108, 48.211408324000047 ], [ 24.021625976000053, 48.211371764000091 ], [ 24.021731691000184, 48.211099429000171 ], [ 24.021830501000181, 48.210719388000086 ], [ 24.021976466000069, 48.210157983999977 ], [ 24.022101678000126, 48.209676399000045 ], [ 24.022184409000147, 48.209358201000157 ], [ 24.022229984000091, 48.209182906000137 ], [ 24.02224272899997, 48.209133886000188 ], [ 24.022277670000108, 48.208999491000156 ], [ 24.02238929300006, 48.208569347000093 ], [ 24.022495756000069, 48.208159094000166 ], [ 24.022526057000164, 48.208042329000193 ], [ 24.022556358000088, 48.207925563000117 ], [ 24.022685718000162, 48.207542254000089 ], [ 24.022885226000142, 48.206940920000079 ], [ 24.022935518, 48.206414049000102 ], [ 24.022766906000129, 48.206127028000083 ], [ 24.022606095000015, 48.205867250000097 ], [ 24.022301616000163, 48.205504343000143 ], [ 24.022262331000036, 48.205457519 ], [ 24.022223045000146, 48.205410694000136 ], [ 24.021635594000088, 48.205111885000179 ], [ 24.021343346000094, 48.204931321000174 ], [ 24.021073797999975, 48.204764782000154 ], [ 24.020641601000023, 48.204395447000081 ], [ 24.020557686000075, 48.204323736000106 ], [ 24.020473771000184, 48.204252026000177 ], [ 24.019975136000028, 48.20414415200014 ], [ 24.019447887000013, 48.204030085000056 ], [ 24.019327721000025, 48.20400408800009 ], [ 24.019207555000037, 48.203978090000078 ], [ 24.018957369000134, 48.203923963000136 ], [ 24.018842533000054, 48.203899120000131 ], [ 24.018727701000103, 48.203874276000192 ], [ 24.018252857999983, 48.203771544000062 ], [ 24.018184183000074, 48.203756686000077 ], [ 24.018115507000118, 48.203741828000091 ], [ 24.017379572000038, 48.203092674000175 ], [ 24.016643042000055, 48.200040836000085 ], [ 24.016510961000051, 48.200004463000027 ], [ 24.016380739000112, 48.199968195000054 ], [ 24.016257457, 48.199933858000122 ], [ 24.016177052000046, 48.199911463000149 ], [ 24.016038637, 48.19987154100005 ], [ 24.015901813000085, 48.199826903000087 ], [ 24.015852219000067, 48.199810603000174 ], [ 24.015802627000028, 48.199794303000033 ], [ 24.015688130000058, 48.199756670000056 ], [ 24.0155737, 48.19971906000012 ], [ 24.015512716000103, 48.199680457000056 ], [ 24.015437284000086, 48.199623796000083 ], [ 24.015363289000106, 48.199568213000191 ], [ 24.015286680000088, 48.19951066800013 ], [ 24.015137994000042, 48.199396054000033 ], [ 24.014786038000011, 48.198948028000075 ], [ 24.014764535000097, 48.198925922000058 ], [ 24.014743034000048, 48.198903815000108 ], [ 24.014336726000181, 48.198486084000081 ], [ 24.014026688000115, 48.198167322000188 ], [ 24.013719097000148, 48.197910792000073 ], [ 24.013677686000165, 48.19787625400005 ], [ 24.013636282000107, 48.197841722000021 ], [ 24.013257723000152, 48.197561745000087 ], [ 24.013203283000109, 48.197531158000118 ], [ 24.01314884300001, 48.197500571000148 ], [ 24.012639376000038, 48.197214320000171 ], [ 24.012147117000097, 48.196950070000184 ], [ 24.011713956000051, 48.196849830000019 ], [ 24.011416213000189, 48.196732556000086 ], [ 24.011028786, 48.196703828000068 ], [ 24.009441967999976, 48.196178358000111 ], [ 24.00932193, 48.196186315000148 ], [ 24.009201894000057, 48.196194271000081 ], [ 24.008782123, 48.196348380000131 ], [ 24.008043767000061, 48.196526736000123 ], [ 24.007711529000062, 48.196565265000061 ], [ 24.007382327000016, 48.196423078000066 ], [ 24.006848725000111, 48.196229558000084 ], [ 24.006581710000148, 48.196061201000077 ], [ 24.006307099000082, 48.195925382000098 ], [ 24.006174513000076, 48.195911207000108 ], [ 24.006041927000126, 48.195897033000165 ], [ 24.005795635000027, 48.196018985000137 ], [ 24.005592934000049, 48.196248254000182 ], [ 24.005208550000191, 48.196348456000123 ], [ 24.00490229899998, 48.196339624000132 ], [ 24.004753756000071, 48.196155515000044 ], [ 24.00469826200009, 48.19608361700017 ], [ 24.00464276800011, 48.196011718000136 ], [ 24.004390901000136, 48.195591235000109 ], [ 24.004377124000143, 48.195550305999973 ], [ 24.00436334699998, 48.195509376000132 ], [ 24.004250190000107, 48.195173226000065 ], [ 24.00409404200019, 48.194927141000051 ], [ 24.00371028700016, 48.194688382000095 ], [ 24.003332700000044, 48.194499720000124 ], [ 24.002935125000135, 48.194351298000072 ], [ 24.002813324999977, 48.194305827000164 ], [ 24.002691523000067, 48.194260357000132 ], [ 24.001432223000108, 48.193679526000096 ], [ 24.000519294000185, 48.193258450000087 ], [ 23.999467450000168, 48.192773273000171 ], [ 23.999391904000163, 48.192750394000143 ], [ 23.999316359000034, 48.192727515000115 ], [ 23.998302695000177, 48.192420531000096 ], [ 23.997763496000061, 48.192309782000109 ], [ 23.997104831000172, 48.192174496000121 ], [ 23.99584822300011, 48.191781947000038 ], [ 23.995731379000063, 48.191745445000038 ], [ 23.995614534000083, 48.19170894400014 ], [ 23.995056686000112, 48.191590273000145 ], [ 23.994560624000087, 48.191629742000146 ], [ 23.994526993000079, 48.19165050099997 ], [ 23.994493361000139, 48.191671260000192 ], [ 23.994300296000063, 48.191790653000055 ], [ 23.994273550000116, 48.191856675000167 ], [ 23.994246805000159, 48.191922697000109 ], [ 23.994077865, 48.192339720000064 ], [ 23.993715588000157, 48.192554430000087 ], [ 23.993253396000114, 48.19265706200008 ], [ 23.992806673000189, 48.192756256000109 ], [ 23.992605127000047, 48.19286718900014 ], [ 23.992524686000024, 48.192911464000133 ], [ 23.992444244000126, 48.19295573800008 ], [ 23.992112945000144, 48.193100324000113 ], [ 23.991881958000135, 48.193277832000092 ], [ 23.991812199000151, 48.193331441000169 ], [ 23.991742438000131, 48.193385049000142 ], [ 23.99134027499997, 48.193416667000122 ], [ 23.99129157800013, 48.193412731000137 ], [ 23.991242920000047, 48.193408799000167 ], [ 23.990945394000107, 48.193380842000067 ], [ 23.990637117000063, 48.193290805000174 ], [ 23.990179889999979, 48.193102438000153 ], [ 23.989856671000155, 48.193009015000143 ], [ 23.989727449000156, 48.19300367600016 ], [ 23.989598228000034, 48.192998339000155 ], [ 23.989198152000142, 48.192832562000035 ], [ 23.988816557000064, 48.192751805000171 ], [ 23.985531225000045, 48.19395954800018 ], [ 23.985215953000079, 48.194333897000149 ], [ 23.984773496000116, 48.19450324100012 ], [ 23.984250835000125, 48.194619633000173 ], [ 23.984003575000088, 48.194963243000188 ], [ 23.983758461999969, 48.195535223000093 ], [ 23.983522762, 48.195801646000177 ], [ 23.983251468000162, 48.196108303000074 ], [ 23.982590058000142, 48.197214913000153 ], [ 23.980344840000157, 48.198213955000028 ], [ 23.979609465000181, 48.198391377000121 ], [ 23.979158890000122, 48.198364094999988 ], [ 23.978617081000095, 48.198540888000139 ], [ 23.978267643000152, 48.198922973000094 ], [ 23.977761048000104, 48.199549316000116 ], [ 23.977617276999979, 48.20000668400013 ], [ 23.978204364000192, 48.200689368000099 ], [ 23.978677312000059, 48.201342096000133 ], [ 23.978019989000074, 48.201679777999971 ], [ 23.977624267000067, 48.20198592700018 ], [ 23.977249585000152, 48.202797405000183 ], [ 23.977032624, 48.203267376000099 ], [ 23.977056343000129, 48.203370014000029 ], [ 23.977080062000027, 48.203472652000187 ], [ 23.976924458000155, 48.203884377000065 ], [ 23.976652661000116, 48.204047867999975 ], [ 23.976276914000039, 48.204054539000083 ], [ 23.975956506000159, 48.203888387000063 ], [ 23.975565867000057, 48.203516986000125 ], [ 23.975458897000124, 48.2030303250001 ], [ 23.975141669000152, 48.202671874000032 ], [ 23.97470093700008, 48.202452565000101 ], [ 23.974336071000096, 48.202411563000055 ], [ 23.973791192000078, 48.202481449000175 ], [ 23.973679922000088, 48.202489189000062 ], [ 23.973568653000029, 48.202496930000109 ], [ 23.973255426000151, 48.202422754000168 ], [ 23.972820745000149, 48.20221138800008 ], [ 23.97246613100009, 48.202037754000116 ], [ 23.971971455000016, 48.20188876800006 ], [ 23.971622495000133, 48.201934640000104 ], [ 23.971466561, 48.202315946000056 ], [ 23.971429882000109, 48.203282866000109 ], [ 23.971421569000029, 48.203617783000027 ], [ 23.971220628000026, 48.204060140000138 ], [ 23.970391971000083, 48.204352809999989 ], [ 23.968463111, 48.204411928000127 ], [ 23.968276717000037, 48.203425198000161 ], [ 23.967871838, 48.202734058000033 ], [ 23.96767555100007, 48.202437964000183 ], [ 23.96741128900004, 48.202180208000186 ], [ 23.96713132800005, 48.20207374600011 ], [ 23.966817076000154, 48.201954243000046 ], [ 23.966598021000038, 48.201658239000096 ], [ 23.966545812000106, 48.201551874000074 ], [ 23.966493602000014, 48.201445508000177 ], [ 23.966354264000074, 48.201149180000129 ], [ 23.966055714000049, 48.200876336000135 ], [ 23.965598234000026, 48.20065742200012 ], [ 23.965003871000135, 48.200538672000107 ], [ 23.965153895000128, 48.200511575000064 ], [ 23.965267667000148, 48.200491025000133 ], [ 23.966303044000085, 48.19913939700001 ], [ 23.96677658100009, 48.198619817 ], [ 23.967265233000035, 48.198511257000121 ], [ 23.968516664000106, 48.19848550200004 ], [ 23.968838864000134, 48.198481303000108 ], [ 23.969212176000099, 48.198535533000154 ], [ 23.969286179999983, 48.198537541000178 ], [ 23.969360184000095, 48.198539550000078 ], [ 23.97000275400012, 48.198556987000188 ], [ 23.97038027900004, 48.198567231000141 ], [ 23.971052442000143, 48.198490328000048 ], [ 23.971651597000061, 48.198382573000117 ], [ 23.971797594000122, 48.198331777000192 ], [ 23.9718790820001, 48.198299476999978 ], [ 23.971973971000068, 48.198261145 ], [ 23.972225428000172, 48.19822190300016 ], [ 23.97231654400008, 48.198219545000143 ], [ 23.972407661000091, 48.198217187000125 ], [ 23.972616064000192, 48.198197033000042 ], [ 23.973049401000083, 48.19810391700014 ], [ 23.973456913, 48.198007662000123 ], [ 23.973705566999968, 48.197923134 ], [ 23.973764242000129, 48.19790501500006 ], [ 23.973822918, 48.197886896000057 ], [ 23.974203754000087, 48.197769293000192 ], [ 23.974517700000149, 48.197631649000186 ], [ 23.974889485000062, 48.197475518000147 ], [ 23.97521855500014, 48.197337326000081 ], [ 23.975620822999986, 48.197151272000099 ], [ 23.975912169000139, 48.197016522000183 ], [ 23.976246962000062, 48.196838932000048 ], [ 23.976855919000059, 48.196515909000027 ], [ 23.976941777000036, 48.196453192000092 ], [ 23.977027637000049, 48.196390475000157 ], [ 23.977491953000083, 48.196050768000191 ], [ 23.978132227000174, 48.195559079000077 ], [ 23.978914639000038, 48.194805508000172 ], [ 23.979383733000134, 48.194350626000187 ], [ 23.979656297000133, 48.194086319000121 ], [ 23.980190412000184, 48.193537568000067 ], [ 23.980550166000114, 48.193167952000067 ], [ 23.980800189000092, 48.192935959000124 ], [ 23.980844115000025, 48.192895201000113 ], [ 23.980888041000071, 48.192854443000158 ], [ 23.981215213000155, 48.192479310000067 ], [ 23.981437995000135, 48.192268780000063 ], [ 23.981838819000075, 48.192058388000078 ], [ 23.981908382000029, 48.191996697000036 ], [ 23.981977944000107, 48.191935004000186 ], [ 23.982170674000088, 48.191764078000062 ], [ 23.982590060000121, 48.191505587000108 ], [ 23.982640316000015, 48.191472942000132 ], [ 23.982690572000081, 48.191440296999986 ], [ 23.983132183000123, 48.19115343600015 ], [ 23.983233355000152, 48.191117477000148 ], [ 23.983334522000064, 48.191081519000193 ], [ 23.983673269000121, 48.190906064000103 ], [ 23.983794386000113, 48.190845778000096 ], [ 23.983915504000038, 48.190785493000192 ], [ 23.984188667000126, 48.19070697300009 ], [ 23.984678937000012, 48.190565671000115 ], [ 23.985211037, 48.190408996000031 ], [ 23.985266259000127, 48.190392143000167 ], [ 23.985321479999982, 48.190375290000077 ], [ 23.985756803000072, 48.190242439000031 ], [ 23.986144, 48.190165711000077 ], [ 23.986492686000076, 48.190161406000129 ], [ 23.986753452000187, 48.190173595000033 ], [ 23.986819438000111, 48.190176679999979 ], [ 23.986885412999982, 48.19017976400005 ], [ 23.987211660000071, 48.19015699400012 ], [ 23.987510294000117, 48.19014922700012 ], [ 23.987837647000106, 48.190145474000076 ], [ 23.98830443900016, 48.190090476000137 ], [ 23.988801608000188, 48.190068016000055 ], [ 23.989118250999979, 48.190002637000077 ], [ 23.98942157700003, 48.189899807000074 ], [ 23.989482904000056, 48.189879016000077 ], [ 23.989544231000082, 48.189858226000126 ], [ 23.989980916000036, 48.189775435000115 ], [ 23.990058853, 48.189769529000159 ], [ 23.990136790000179, 48.1897636220001 ], [ 23.990359887000068, 48.189679860000126 ], [ 23.990423560000067, 48.189611541000033 ], [ 23.990487232000191, 48.189543220000189 ], [ 23.990579584000045, 48.189438759000154 ], [ 23.990629864000084, 48.189412571000105 ], [ 23.990680143000077, 48.189386383000056 ], [ 23.990750401000014, 48.189362866000181 ], [ 23.990865242000041, 48.189324424000176 ], [ 23.990977738000083, 48.189269118000027 ], [ 23.991090231999976, 48.189213810000069 ], [ 23.991270228000133, 48.189094844000181 ], [ 23.991369494000025, 48.188995837000107 ], [ 23.991430615000183, 48.188908446000028 ], [ 23.991491133000068, 48.18882244200006 ], [ 23.991563756000119, 48.188755079000032 ], [ 23.991720115000135, 48.188654748000033 ], [ 23.991840593000177, 48.188587165 ], [ 23.991950960000167, 48.188525961000096 ], [ 23.99203097000003, 48.188501523000014 ], [ 23.992117125000163, 48.188475207000181 ], [ 23.992198243000132, 48.188431430000037 ], [ 23.992264521000095, 48.188377326000136 ], [ 23.992295168000055, 48.188339837000171 ], [ 23.99238582900017, 48.188228937000019 ], [ 23.99250349100015, 48.188140163000185 ], [ 23.992635571000051, 48.188062878000096 ], [ 23.992665313000032, 48.188045477000117 ], [ 23.992747334000171, 48.187990574000139 ], [ 23.992896617000156, 48.18789064900011 ], [ 23.992942265000011, 48.187864462000164 ], [ 23.992987916000175, 48.187838274000114 ], [ 23.993269036000129, 48.187744049000059 ], [ 23.993324384000118, 48.187731295000106 ], [ 23.993382166000117, 48.187718394000171 ], [ 23.993542884000078, 48.187708341000132 ], [ 23.993655119000039, 48.187679229000025 ], [ 23.993830280000054, 48.187599668000132 ], [ 23.994037055000035, 48.187502175000134 ], [ 23.994138109, 48.187454527999989 ], [ 23.994239164000135, 48.187406879000036 ], [ 23.994419102999984, 48.187317670000027 ], [ 23.994464323000045, 48.187268874000097 ], [ 23.994510741000113, 48.187179575000073 ], [ 23.99453821000003, 48.187078923000115 ], [ 23.994553278000183, 48.18702371500018 ], [ 23.994609159000106, 48.186882981000053 ], [ 23.994671126000185, 48.186787083000127 ], [ 23.99475162400006, 48.18670070800016 ], [ 23.994866179000041, 48.186598830999969 ], [ 23.994900554000139, 48.186568261000104 ], [ 23.994969617999971, 48.186500989000081 ], [ 23.995056015000102, 48.186395171000186 ], [ 23.995204176000016, 48.186157990000027 ], [ 23.995282803000066, 48.18604106700019 ], [ 23.995361432000095, 48.185924142000033 ], [ 23.995416729000112, 48.18575158800013 ], [ 23.995432215000164, 48.185703263000164 ], [ 23.995491015000084, 48.185592022000094 ], [ 23.995558718000041, 48.185457515000053 ], [ 23.995621658000118, 48.185288826000033 ], [ 23.995634836000136, 48.185224792000099 ], [ 23.995648011000071, 48.185160766000138 ], [ 23.995671244000164, 48.184979220000173 ], [ 23.99567323600013, 48.184906554000065 ], [ 23.995675228000096, 48.184833888000071 ], [ 23.995684579000113, 48.18476082900014 ], [ 23.995696015000135, 48.184671452000146 ], [ 23.995699184000159, 48.184573162000163 ], [ 23.995702352000023, 48.184474871000134 ], [ 23.995703864000177, 48.184317700000179 ], [ 23.995719730000076, 48.184266925000145 ], [ 23.995728154000062, 48.184239966000121 ], [ 23.995760867000172, 48.184135273000095 ], [ 23.995787749000101, 48.183985771000152 ], [ 23.995817612000167, 48.183887380000101 ], [ 23.995872530000099, 48.18381000800008 ], [ 23.995909725000047, 48.183757605000096 ], [ 23.995942265999986, 48.18370317900002 ], [ 23.996087064999983, 48.183450735000122 ], [ 23.996050669000169, 48.183379390000141 ], [ 23.995987010000135, 48.183309725000186 ], [ 23.995945789000018, 48.183264615000155 ], [ 23.995877260000157, 48.183174477000193 ], [ 23.99581048500005, 48.183072423000056 ], [ 23.995774929000106, 48.183016515000077 ], [ 23.995734904000074, 48.182959818000086 ], [ 23.995665494000036, 48.18286307700015 ], [ 23.995587256000135, 48.1827723990001 ], [ 23.995470989000182, 48.182686343000114 ], [ 23.995380646000058, 48.182612093000159 ], [ 23.995317767000131, 48.182560416000058 ], [ 23.995250899999974, 48.182505461000062 ], [ 23.995153485, 48.182422426000187 ], [ 23.995055163000075, 48.18233811000016 ], [ 23.994976945000133, 48.182247838000137 ], [ 23.994935557000133, 48.18217747000017 ], [ 23.994910355000172, 48.182115145000068 ], [ 23.994885613000065, 48.182052361000046 ], [ 23.994831783000052, 48.181939915000157 ], [ 23.994751993000023, 48.181848012000103 ], [ 23.994698263000032, 48.181802281000159 ], [ 23.994641290000175, 48.181749155000034 ], [ 23.994601153000133, 48.181697001000146 ], [ 23.994558798000128, 48.181628598000088 ], [ 23.994542235999972, 48.181601331000195 ], [ 23.994496540000114, 48.181526099000052 ], [ 23.994367007000164, 48.181385973000147 ], [ 23.994330800000057, 48.181346893000125 ], [ 23.994294593000177, 48.181307815000082 ], [ 23.994202891000043, 48.181208836000167 ], [ 23.994105170000068, 48.181126389000156 ], [ 23.994040622000057, 48.181081647000042 ], [ 23.993940531000192, 48.18101354800018 ], [ 23.993869215000188, 48.180962950000037 ], [ 23.993766556000082, 48.180889403000094 ], [ 23.993687933999979, 48.180832981000037 ], [ 23.993580280000174, 48.180715404000182 ], [ 23.993560192000075, 48.180693463000068 ], [ 23.993475972000056, 48.180622803000063 ], [ 23.993391761999987, 48.180552148000174 ], [ 23.993245740000191, 48.180428820000088 ], [ 23.993169533000184, 48.180347318000088 ], [ 23.993081491000169, 48.180260591000149 ], [ 23.993014216, 48.180157729000143 ], [ 23.992962375000104, 48.180053409000038 ], [ 23.992912595000064, 48.179953248000174 ], [ 23.992845126000077, 48.179895011000099 ], [ 23.992714102999969, 48.179798529999971 ], [ 23.992653866000069, 48.179754175000141 ], [ 23.992611547000024, 48.17972301400016 ], [ 23.992561583000168, 48.179671939000116 ], [ 23.992435226999987, 48.179501777000041 ], [ 23.992358765000063, 48.179399742000044 ], [ 23.992282303000138, 48.17929770500001 ], [ 23.99207249400007, 48.179085853000117 ], [ 23.991981650000014, 48.179043177000096 ], [ 23.991890823000062, 48.179000507000126 ], [ 23.991855470000075, 48.178982256000154 ], [ 23.991691169000092, 48.178897430000063 ], [ 23.991610184000024, 48.178863827000043 ], [ 23.991529200000059, 48.178830224000194 ], [ 23.991232019999984, 48.178715116000035 ], [ 23.99110234800014, 48.178670640000121 ], [ 23.990972675000137, 48.178626162000171 ], [ 23.990583115000049, 48.17846360700014 ], [ 23.990421639000033, 48.178406241000175 ], [ 23.990323762000173, 48.178375935000133 ], [ 23.990266010000028, 48.178360618000056 ], [ 23.990210957000158, 48.178346017000138 ], [ 23.990111663000107, 48.178316020000068 ], [ 23.989953971000034, 48.178224144000126 ], [ 23.98971050300014, 48.178077635000136 ], [ 23.989648881000051, 48.17804638400014 ], [ 23.989581929000167, 48.178019558000074 ], [ 23.989513298000077, 48.177992060000122 ], [ 23.989354566000088, 48.17790691200014 ], [ 23.989165354000079, 48.177811845000178 ], [ 23.989113690000067, 48.17776819200003 ], [ 23.989062025000123, 48.177724538000177 ], [ 23.98876154800007, 48.17744237800008 ], [ 23.988613722000082, 48.177287664000062 ], [ 23.988564541000187, 48.177213234000135 ], [ 23.988535929000136, 48.177161597000065 ], [ 23.988507089000052, 48.177097594000145 ], [ 23.988487080000084, 48.177040366000028 ], [ 23.988441756000043, 48.176910736000139 ], [ 23.988407050000035, 48.176864852999984 ], [ 23.988372346000176, 48.17681897600005 ], [ 23.988323656999967, 48.176770781000016 ], [ 23.988255634000097, 48.176703449000172 ], [ 23.988214345000188, 48.176654526999982 ], [ 23.98818790700011, 48.176614863999987 ], [ 23.988151167000069, 48.176559748000045 ], [ 23.988095703000113, 48.176469055000098 ], [ 23.988035124000191, 48.176400636000039 ], [ 23.98794519400019, 48.176353856000105 ], [ 23.98771131, 48.176250797000193 ], [ 23.987618189000045, 48.176228612000045 ], [ 23.987534181, 48.176222464000034 ], [ 23.987429886000029, 48.17623470000018 ], [ 23.987305023999966, 48.176262365000071 ], [ 23.987259442000095, 48.176272464000078 ], [ 23.987119674000098, 48.176298434000103 ], [ 23.986933627999974, 48.176301175000106 ], [ 23.986778880000145, 48.176270851000083 ], [ 23.986706503000107, 48.176250414000037 ], [ 23.986670232000051, 48.176240172000121 ], [ 23.986624615999972, 48.176234670000156 ], [ 23.986532220000186, 48.176223525000069 ], [ 23.986250828000152, 48.176128468000115 ], [ 23.985946908000074, 48.176015218000146 ], [ 23.985776022000152, 48.175951539000096 ], [ 23.985639117000062, 48.175930412000071 ], [ 23.985307295000155, 48.175879205000172 ], [ 23.985207939000134, 48.175869289000048 ], [ 23.98510858700007, 48.175859372000048 ], [ 23.984936404000109, 48.175810726000066 ], [ 23.984846214000129, 48.17578524400011 ], [ 23.984737524000025, 48.175767832000076 ], [ 23.98462883600007, 48.175750420000099 ], [ 23.984381910000081, 48.17570435000016 ], [ 23.984180818000141, 48.175666830000068 ], [ 23.984135053000159, 48.175660282000081 ], [ 23.98408928900011, 48.175653733000161 ], [ 23.98403842100015, 48.175653460000035 ], [ 23.983861407000063, 48.175652511000067 ], [ 23.983745206000151, 48.175643626000124 ], [ 23.983570163000138, 48.17560920000011 ], [ 23.983153435000133, 48.175536388000125 ], [ 23.982752284000071, 48.175454696000145 ], [ 23.98267549600007, 48.175439059000155 ], [ 23.982598708000125, 48.175423422 ], [ 23.98213085600014, 48.175304629000038 ], [ 23.981852079000078, 48.175223777000099 ], [ 23.981573825000169, 48.175090534 ], [ 23.981321055000024, 48.17493639300011 ], [ 23.981256815000052, 48.174887468000065 ], [ 23.98119257500008, 48.174838544000124 ], [ 23.981041376000064, 48.174686527000063 ], [ 23.980969270000116, 48.174576627000192 ], [ 23.980926185000044, 48.174510957000109 ], [ 23.980843723000135, 48.174313325000071 ], [ 23.980626452000024, 48.17379259500018 ], [ 23.980621220000103, 48.17376178 ], [ 23.980615990000047, 48.173730965000061 ], [ 23.980583195000065, 48.173537782000153 ], [ 23.98052428200009, 48.173383737999984 ], [ 23.980514471999982, 48.173358086000178 ], [ 23.980474106000031, 48.173252537000053 ], [ 23.98046135200002, 48.173201738000046 ], [ 23.980406990000176, 48.172985249000192 ], [ 23.980392033999976, 48.172882284000082 ], [ 23.980382761000044, 48.172809566000126 ], [ 23.980374745000063, 48.172711581000101 ], [ 23.980401560000075, 48.172557871000151 ], [ 23.980412729000022, 48.172493857000177 ], [ 23.980423896000161, 48.172429847000046 ], [ 23.98043768500014, 48.172291122000047 ], [ 23.980430712000157, 48.172228256000153 ], [ 23.980397118000042, 48.172160471000154 ], [ 23.980370749000087, 48.172107261000178 ], [ 23.980349033000095, 48.172009021000065 ], [ 23.980338130000121, 48.171968027000048 ], [ 23.980301240000131, 48.171829321000075 ], [ 23.98027500500018, 48.171741595000128 ], [ 23.980233224000187, 48.171669192000081 ], [ 23.980123061000029, 48.171549440000092 ], [ 23.980061465000063, 48.171481489000087 ], [ 23.980007084000135, 48.171421506000172 ], [ 23.97994882800009, 48.171368259000133 ], [ 23.979912310000088, 48.171321590000105 ], [ 23.97987965700014, 48.171218873000043 ], [ 23.97982674900004, 48.171032498000159 ], [ 23.979774573000157, 48.170925787000101 ], [ 23.979723162000084, 48.170821771000021 ], [ 23.97962327200014, 48.170602947000077 ], [ 23.979613378000067, 48.170493688000136 ], [ 23.979612029, 48.170409616000143 ], [ 23.979608587000087, 48.170196213000168 ], [ 23.97959206400003, 48.169998379000106 ], [ 23.979575725000018, 48.169936369000141 ], [ 23.979535654000188, 48.169889792000106 ], [ 23.979465100000027, 48.169839246000038 ], [ 23.97930030200007, 48.169733347000033 ], [ 23.979271014000119, 48.16971452700011 ], [ 23.979149099999972, 48.169619125000168 ], [ 23.979081464000103, 48.169564872000024 ], [ 23.978991486000098, 48.169471497000075 ], [ 23.978925829000104, 48.169385063000163 ], [ 23.978899965000096, 48.16935387500007 ], [ 23.978850216000126, 48.169293888000027 ], [ 23.978801856000018, 48.169233241000029 ], [ 23.97870960500012, 48.169139927000174 ], [ 23.978664698000046, 48.169095856000126 ], [ 23.978619790000096, 48.169051786000068 ], [ 23.978463573000056, 48.168898705000061 ], [ 23.978421122000157, 48.168854090000195 ], [ 23.978378677000137, 48.168809484000064 ], [ 23.978210721999972, 48.168625756000154 ], [ 23.978111484000124, 48.168522385000017 ], [ 23.978080576000025, 48.168455810000125 ], [ 23.97804666400009, 48.168300509000176 ], [ 23.978037252000036, 48.16822409100007 ], [ 23.978042866000123, 48.168124429000159 ], [ 23.978054317000101, 48.168067246000135 ], [ 23.978070468999988, 48.167986580000047 ], [ 23.978083208999976, 48.167860067000106 ], [ 23.978059100000053, 48.167738796000151 ], [ 23.977961711999967, 48.167581332000054 ], [ 23.977841494000188, 48.167472076000081 ], [ 23.977784774000099, 48.167438373000039 ], [ 23.977694062000069, 48.167384475 ], [ 23.977486488000125, 48.16704511800009 ], [ 23.977294034000181, 48.166770126000074 ], [ 23.97722163200001, 48.166661447000081 ], [ 23.977144355000121, 48.166545450000172 ], [ 23.9769056290001, 48.166208804000178 ], [ 23.976815695000084, 48.16608162000017 ], [ 23.976679343, 48.165980825000076 ], [ 23.976617411000063, 48.165935042000115 ], [ 23.976464712000109, 48.165822163000087 ], [ 23.976384273000122, 48.16574015600014 ], [ 23.976303078000058, 48.165642850999973 ], [ 23.976186299000062, 48.165585558000146 ], [ 23.975713147000192, 48.165380717000176 ], [ 23.975388789000192, 48.165236750000076 ], [ 23.974996444000112, 48.165147874000183 ], [ 23.974927824000133, 48.165137688000186 ], [ 23.974859202000118, 48.165127503000178 ], [ 23.974626948000093, 48.165093027000125 ], [ 23.974560421000035, 48.165083152000136 ], [ 23.974493895000023, 48.16507327700009 ], [ 23.97385850500001, 48.165015452000034 ], [ 23.973229683000056, 48.164972689000138 ], [ 23.972699698000156, 48.164915937000046 ], [ 23.972029883000062, 48.164902798000128 ], [ 23.97094851300011, 48.16486221100007 ], [ 23.970222614000193, 48.164863845000184 ], [ 23.969922427000142, 48.164875320000192 ], [ 23.969452767000178, 48.164893275000168 ], [ 23.968829428000049, 48.164896058000124 ], [ 23.968299790000117, 48.16489451200016 ], [ 23.968246218000104, 48.164903515000105 ], [ 23.968192644000112, 48.164912518000051 ], [ 23.968040205000023, 48.164957431000119 ], [ 23.967965891000063, 48.164979326000093 ], [ 23.967878816000052, 48.164999668000178 ], [ 23.967791723000062, 48.165020015000152 ], [ 23.967580271000145, 48.165055953000092 ], [ 23.96749684800011, 48.165065727000183 ], [ 23.967413424000142, 48.165075501000103 ], [ 23.967239903000063, 48.165078080000058 ], [ 23.967172604000098, 48.165071248000061 ], [ 23.967105304000029, 48.165064416000178 ], [ 23.966949377, 48.165026542000078 ], [ 23.966820562000066, 48.164965113000051 ], [ 23.966705840000031, 48.16485189399998 ], [ 23.966512693000084, 48.164613089000056 ], [ 23.966296366000051, 48.164348695 ], [ 23.966002820000085, 48.163976017000095 ], [ 23.965135371000031, 48.162874716000033 ], [ 23.964919999000131, 48.162601280000104 ], [ 23.964878039000041, 48.162548008000158 ], [ 23.964804386000083, 48.162454497000169 ], [ 23.96470517500012, 48.162369825000098 ], [ 23.96452917300013, 48.162219616000186 ], [ 23.9639438640001, 48.161666253000135 ], [ 23.963464125000087, 48.161462645000142 ], [ 23.963097898000115, 48.161228128 ], [ 23.962697676, 48.161008971000115 ], [ 23.962456339000028, 48.160743498000045 ], [ 23.962409697999988, 48.160618076000162 ], [ 23.962363059000154, 48.160492654999985 ], [ 23.962371838000081, 48.160203338000144 ], [ 23.962505017000183, 48.159945963000098 ], [ 23.962707361000014, 48.159554911000043 ], [ 23.962702984000089, 48.159067718000131 ], [ 23.962389700000131, 48.158391450000124 ], [ 23.962203695000085, 48.157950662000076 ], [ 23.96218746500017, 48.157410227000071 ], [ 23.96219453600014, 48.156930600000067 ], [ 23.962292011000102, 48.156382095000083 ], [ 23.962070996000023, 48.155842483000185 ], [ 23.961636756000189, 48.155631072000176 ], [ 23.961076830000025, 48.155359261000172 ], [ 23.960778715000117, 48.155101626000089 ], [ 23.960268489000043, 48.154378955000084 ], [ 23.959856871000056, 48.153795934000073 ], [ 23.959614293000072, 48.153385819000164 ], [ 23.959394404000079, 48.152968000000101 ], [ 23.959172891000151, 48.152367482000159 ], [ 23.959124805999977, 48.152078392000078 ], [ 23.959223457000064, 48.151659301000109 ], [ 23.959334978000129, 48.151407637000091 ], [ 23.959300688000155, 48.151232565000157 ], [ 23.959290649000138, 48.151181307000172 ], [ 23.959263465, 48.15104251300005 ], [ 23.959011360000034, 48.150837976999981 ], [ 23.958803882000097, 48.150534297000092 ], [ 23.958401523000077, 48.150063916000192 ], [ 23.957954281000013, 48.149662225000043 ], [ 23.957574285000021, 48.149146074999976 ], [ 23.957388964000074, 48.148773790000178 ], [ 23.957349902000033, 48.148218219000114 ], [ 23.957095253000034, 48.147724407000112 ], [ 23.956791167000063, 48.147284776000106 ], [ 23.956187515000067, 48.147171590000141 ], [ 23.955710959000044, 48.147050532000094 ], [ 23.955493478000108, 48.146980420000148 ], [ 23.955378711000094, 48.146933378000142 ], [ 23.955315386000109, 48.146852869000156 ], [ 23.955299402000037, 48.146760430000029 ], [ 23.955290591000107, 48.146607095000036 ], [ 23.955276247000143, 48.146543182000187 ], [ 23.955261902000132, 48.146479270000043 ], [ 23.955177879000189, 48.146317158000159 ], [ 23.955096315, 48.146197836000056 ], [ 23.954971921000038, 48.146076046000076 ], [ 23.954558978000023, 48.145947394000075 ], [ 23.954232429000115, 48.145776203000082 ], [ 23.95371220100003, 48.145512064000116 ], [ 23.953271198000095, 48.145266280000044 ], [ 23.952928845000088, 48.145108730000175 ], [ 23.952624446000016, 48.144968646000109 ], [ 23.951902502000166, 48.144569376000106 ], [ 23.951498811000079, 48.144322627000065 ], [ 23.951228317000073, 48.144165303000193 ], [ 23.951016785000149, 48.144076215000098 ], [ 23.95091663300002, 48.14403403600005 ], [ 23.950852598000154, 48.144008208000059 ], [ 23.950741838000056, 48.143963532999976 ], [ 23.950472935999983, 48.143753949000086 ], [ 23.950440208000146, 48.143728442000167 ], [ 23.950368284000035, 48.143683864000025 ], [ 23.950296360000152, 48.143639288000088 ], [ 23.950103331000037, 48.143529967000177 ], [ 23.949869121000063, 48.143353853000178 ], [ 23.949392721000038, 48.142955402000155 ], [ 23.949024714000075, 48.142679158000021 ], [ 23.948678213999983, 48.142498782000018 ], [ 23.948598915000105, 48.142465107000191 ], [ 23.94851961400002, 48.142431431000091 ], [ 23.948457801000131, 48.142320403000099 ], [ 23.948404615000186, 48.142224874000135 ], [ 23.948355032999984, 48.142166626000119 ], [ 23.948218086000111, 48.142086869000138 ], [ 23.948090707000176, 48.142023423000069 ], [ 23.947987709000188, 48.141964166000037 ], [ 23.94792774299998, 48.141910947000156 ], [ 23.947865191000176, 48.141812560000119 ], [ 23.947852182000076, 48.141776313000037 ], [ 23.947827093, 48.141706402000011 ], [ 23.947732202000054, 48.141540277000047 ], [ 23.947638447000031, 48.141443642000127 ], [ 23.947520972000177, 48.141379996000182 ], [ 23.947354971000038, 48.141313785000136 ], [ 23.947201756000084, 48.141272007000055 ], [ 23.947134477000077, 48.141256640000108 ], [ 23.947014331000105, 48.141229200000168 ], [ 23.946841114000051, 48.141186029000039 ], [ 23.946741125000074, 48.141129551000176 ], [ 23.946662718000027, 48.141024164000044 ], [ 23.946464420000154, 48.14075762900012 ], [ 23.946212841000033, 48.140464104000102 ], [ 23.946144959000094, 48.140396802000055 ], [ 23.946086643000058, 48.140310209000063 ], [ 23.946064255000181, 48.14022983600006 ], [ 23.946059786000092, 48.140131831000019 ], [ 23.946062134000101, 48.140064163000147 ], [ 23.946046842000044, 48.140000480000083 ], [ 23.946007407000081, 48.139920363000158 ], [ 23.945942997000088, 48.139839163000147 ], [ 23.945800211000176, 48.139677595000137 ], [ 23.945711746000029, 48.139577494000093 ], [ 23.945645781, 48.139493954000102 ], [ 23.945530310000152, 48.139415492000182 ], [ 23.945151343000134, 48.139120946000162 ], [ 23.945085148000089, 48.139078416000189 ], [ 23.945018954000091, 48.139035885000112 ], [ 23.944745135000119, 48.138859953000122 ], [ 23.944348212000023, 48.138636812000072 ], [ 23.944034612, 48.138440105000029 ], [ 23.943982038000115, 48.13836050600014 ], [ 23.94392946500011, 48.138280906000091 ], [ 23.943819148000159, 48.138031370000078 ], [ 23.943795343000033, 48.137902671000177 ], [ 23.943788933, 48.137868010000034 ], [ 23.943777948000104, 48.137808631000041 ], [ 23.942589620000035, 48.137118897000164 ], [ 23.94126916, 48.136801101000174 ], [ 23.941200639000101, 48.136768923000147 ], [ 23.941132117000109, 48.136736745000178 ], [ 23.940902753000159, 48.136629034 ], [ 23.939581804, 48.136008683000114 ], [ 23.938546804000168, 48.134976854000115 ], [ 23.938005181000051, 48.134739650000029 ], [ 23.937898955000151, 48.134654146000059 ], [ 23.937792730000126, 48.134568641000158 ], [ 23.93763047900012, 48.13421146100012 ], [ 23.937306176, 48.133519939000109 ], [ 23.937128340000072, 48.133030267000095 ], [ 23.936924634000093, 48.132782956000142 ], [ 23.936409348000041, 48.132366215000047 ], [ 23.936236000000122, 48.132039526000085 ], [ 23.935984209000139, 48.131850162000035 ], [ 23.935810286000049, 48.131454961000145 ], [ 23.935546486000078, 48.13118951600012 ], [ 23.93519287200013, 48.131061438000131 ], [ 23.934831146000022, 48.131102071000043 ], [ 23.934503723000034, 48.130984285000068 ], [ 23.933959998000091, 48.130668473000071 ], [ 23.933810437000034, 48.130297779000102 ], [ 23.933000347000188, 48.129977291000046 ], [ 23.932988013000056, 48.129896091000091 ], [ 23.932975680000027, 48.129814891000137 ], [ 23.932893530000115, 48.129444803000069 ], [ 23.932851811000148, 48.129216579000172 ], [ 23.932876836000162, 48.129149873000188 ], [ 23.932901862000108, 48.129083168000079 ], [ 23.933024579000062, 48.128801035000095 ], [ 23.933131899000045, 48.128462610000042 ], [ 23.933144409000192, 48.128420160000132 ], [ 23.933156918000066, 48.128377709000063 ], [ 23.933121290000145, 48.12813075300005 ], [ 23.932848254000135, 48.127525917000128 ], [ 23.932836279000128, 48.127490142000056 ], [ 23.932824305000167, 48.127454366000109 ], [ 23.932714869, 48.127127404000078 ], [ 23.932578431000081, 48.126846387000171 ], [ 23.93251937000008, 48.126724736000142 ], [ 23.932460307000099, 48.126603085000113 ], [ 23.932446572000117, 48.126321466000036 ], [ 23.932478187000129, 48.126229185999989 ], [ 23.932509803000073, 48.126136906 ], [ 23.932624155000155, 48.125803133000034 ], [ 23.932620961000055, 48.125422509000146 ], [ 23.932136323000123, 48.12457931900019 ], [ 23.931737409000107, 48.123918919000062 ], [ 23.93126015100006, 48.123143805000097 ], [ 23.930731822000155, 48.122030497000139 ], [ 23.930233749000081, 48.121411949000162 ], [ 23.929207163000058, 48.120454093000092 ], [ 23.928640987000108, 48.119925803000115 ], [ 23.927908875000071, 48.119388027000184 ], [ 23.92767941, 48.119137660000149 ], [ 23.927665578000131, 48.118840816000102 ], [ 23.928350986000169, 48.117863836000083 ], [ 23.928384111000128, 48.117745716000115 ], [ 23.928417236000143, 48.117627594999988 ], [ 23.928094681000175, 48.117118743 ], [ 23.927715732000024, 48.116663390000099 ], [ 23.927403735000041, 48.116055531000143 ], [ 23.926805463999983, 48.115197515000034 ], [ 23.926859593000131, 48.114869967000118 ], [ 23.927278444000081, 48.114655254000184 ], [ 23.927036123000164, 48.114222229000177 ], [ 23.926984117000131, 48.114119650000134 ], [ 23.926932109000063, 48.114017072000138 ], [ 23.926566512000136, 48.113797658000124 ], [ 23.92623540000011, 48.113623795000194 ], [ 23.925915279000151, 48.113404210000056 ], [ 23.925650744000052, 48.113032167000085 ], [ 23.925217644000099, 48.112896740000167 ], [ 23.92391541600017, 48.112132662000192 ], [ 23.923809168000048, 48.111653451000052 ], [ 23.921896998000136, 48.109970456000156 ], [ 23.921442071000058, 48.109941673000037 ], [ 23.920900270000061, 48.10971282800017 ], [ 23.91992220700007, 48.108957578000059 ], [ 23.919235005000075, 48.108320615000025 ], [ 23.919174708000128, 48.107894521000105 ], [ 23.919533915999978, 48.107337481000172 ], [ 23.919519578000063, 48.106972122000059 ], [ 23.919754985000111, 48.106567787000074 ], [ 23.920761984000023, 48.106000764000157 ], [ 23.921089114999972, 48.105695057 ], [ 23.921733555, 48.105273995000175 ], [ 23.922139800000139, 48.10491470400018 ], [ 23.922161410000172, 48.104777596000019 ], [ 23.922183019000101, 48.104640487000154 ], [ 23.923640203000048, 48.10353889300012 ], [ 23.925332984000192, 48.102070996000066 ], [ 23.924009737000063, 48.101482089000115 ], [ 23.924108707000073, 48.101078248000192 ], [ 23.92442310500013, 48.10061271100011 ], [ 23.925042718000157, 48.099948112000106 ], [ 23.925594818000036, 48.099367501000131 ], [ 23.925909067000191, 48.098886734000075 ], [ 23.925951887000167, 48.098566840000046 ], [ 23.92586856500003, 48.098110383000062 ], [ 23.925895886000035, 48.097586458000137 ], [ 23.926143493000041, 48.096997902999988 ], [ 23.926209100000051, 48.096685537000099 ], [ 23.926191299000095, 48.09659425100017 ], [ 23.926173500000118, 48.096502963000091 ], [ 23.926238413000078, 48.096106858000098 ], [ 23.92640623, 48.095786500000031 ], [ 23.92665346300015, 48.095450622000158 ], [ 23.926844192000033, 48.095153017000143 ], [ 23.926808738000091, 48.095045817000141 ], [ 23.926773283000102, 48.094938618000072 ], [ 23.926726086000031, 48.094612949 ], [ 23.92661229800018, 48.094302686000049 ], [ 23.926513770000042, 48.094214786 ], [ 23.926415242000019, 48.094126886000026 ], [ 23.926265568000076, 48.093891445 ], [ 23.92639941300007, 48.093586438999978 ], [ 23.926398375000133, 48.093460833000108 ], [ 23.926397337000083, 48.093335224999976 ], [ 23.92638958200007, 48.093298185000151 ], [ 23.926314525000123, 48.092939670000021 ], [ 23.926364842000112, 48.092840517000127 ], [ 23.926415158000054, 48.092741364000176 ], [ 23.92754756100004, 48.09226516800004 ], [ 23.928985671000191, 48.091658403000167 ], [ 23.929787936000025, 48.09111490100014 ], [ 23.930114348000018, 48.090740655000104 ], [ 23.930895006000128, 48.090334255000016 ], [ 23.93214056, 48.089811913000176 ], [ 23.933409835000134, 48.08941127200012 ], [ 23.933952415000078, 48.089074264000146 ], [ 23.93435893000003, 48.088843660000066 ], [ 23.934375124000155, 48.088706912000134 ], [ 23.934391318000053, 48.088570163000099 ], [ 23.934547506, 48.088226999000142 ], [ 23.934908846999974, 48.087959185000159 ], [ 23.935383872000102, 48.087698553999985 ], [ 23.934492506000083, 48.087092904000144 ], [ 23.934611656000186, 48.086399691999986 ], [ 23.933808336000141, 48.085451129000148 ], [ 23.933567695000022, 48.08520842900009 ], [ 23.933521355000096, 48.085102025000026 ], [ 23.933475015, 48.084995620000029 ], [ 23.933892956000022, 48.084704759000033 ], [ 23.934277833000181, 48.084535825000046 ], [ 23.934731196000143, 48.084404694000114 ], [ 23.93395866200018, 48.083060152000087 ], [ 23.933474798000077, 48.082782265000105 ], [ 23.932088487000044, 48.081959746000166 ], [ 23.933237603000066, 48.081075937000151 ], [ 23.934210130000167, 48.080539373000136 ], [ 23.935569595000118, 48.080085077000035 ], [ 23.936791787000175, 48.079468775 ], [ 23.940956186000051, 48.077613229000178 ], [ 23.941006493000032, 48.077517876000172 ], [ 23.941056798000034, 48.077422523 ], [ 23.940964165000082, 48.077217334000181 ], [ 23.940477968999971, 48.07701632800007 ], [ 23.94012026900009, 48.076836121000156 ], [ 23.939836774000128, 48.076787312000135 ], [ 23.939499452000121, 48.07663675800012 ], [ 23.939361, 48.076386065000065 ], [ 23.939266399000132, 48.075948692 ], [ 23.939030424000066, 48.075584179000145 ], [ 23.938387061000185, 48.074734003000117 ], [ 23.937851759000125, 48.073898636000195 ], [ 23.937807873000054, 48.073411585000144 ], [ 23.937637780000102, 48.072776565000026 ], [ 23.937548882000044, 48.072339167000052 ], [ 23.937424903000135, 48.071812514000101 ], [ 23.937070936999987, 48.070894556000155 ], [ 23.936733290000063, 48.070591327000045 ], [ 23.936606707000124, 48.070397680999974 ], [ 23.936591657000122, 48.070296869000174 ], [ 23.93657660700012, 48.070196057000032 ], [ 23.936682545, 48.069963464000068 ], [ 23.936644833000116, 48.069533485000079 ], [ 23.936397839000108, 48.069203267000091 ], [ 23.936116869000102, 48.068884596000146 ], [ 23.935660017000146, 48.06858562300016 ], [ 23.935294129000056, 48.068297722000068 ], [ 23.935138779, 48.068058507000103 ], [ 23.935151482000094, 48.067959221000194 ], [ 23.935164183000154, 48.067859934000069 ], [ 23.93538479800003, 48.067600810000158 ], [ 23.936067209999976, 48.067038681000099 ], [ 23.93656963799998, 48.066710176000186 ], [ 23.936861861000125, 48.066495442000132 ], [ 23.936987850000151, 48.066305750000083 ], [ 23.937037735000104, 48.066230640000072 ], [ 23.93708762100016, 48.066155529000184 ], [ 23.937141508000082, 48.065812748000155 ], [ 23.937092747, 48.065706579000164 ], [ 23.937043990000177, 48.065600417000098 ], [ 23.936956642000041, 48.065503749000072 ], [ 23.93683106400016, 48.065364773000113 ], [ 23.936779242000114, 48.065239377000069 ], [ 23.936727419000192, 48.065113982000071 ], [ 23.936758481000084, 48.064839766000148 ], [ 23.936757484999987, 48.064721772000155 ], [ 23.936756486000036, 48.064603776000126 ], [ 23.936834990000136, 48.064294306000136 ], [ 23.936853100000178, 48.064193371000044 ], [ 23.936866315000145, 48.064117138000029 ], [ 23.936887619000117, 48.063994255000068 ], [ 23.936792572000172, 48.063778317000128 ], [ 23.93676482799998, 48.063715283000079 ], [ 23.936737083000082, 48.063652250000075 ], [ 23.936437362000049, 48.063274556000124 ], [ 23.936287096000058, 48.062816551000139 ], [ 23.936340537000149, 48.062420482000164 ], [ 23.936558507000086, 48.062203152000109 ], [ 23.936892496999974, 48.061885490000122 ], [ 23.93715184500013, 48.061319100000162 ], [ 23.93758556500012, 48.060581064000189 ], [ 23.937809330000107, 48.060184346000028 ], [ 23.937863465000021, 48.059872015000053 ], [ 23.937839850000103, 48.059765524000056 ], [ 23.937816236000117, 48.059659037000188 ], [ 23.937654609000163, 48.05934752700017 ], [ 23.937378719000094, 48.058952712000121 ], [ 23.937387110000145, 48.058602490000055 ], [ 23.937599322000096, 48.058182979000094 ], [ 23.937832175000096, 48.057519778000028 ], [ 23.937860048, 48.056788842000117 ], [ 23.938098700000069, 48.05570755399998 ], [ 23.938410821000048, 48.05478457300012 ], [ 23.939017124000031, 48.053975302000026 ], [ 23.939265437000017, 48.053799259000129 ], [ 23.939764196000169, 48.053698385000132 ], [ 23.940295395000192, 48.053407065000158 ], [ 23.940720904000102, 48.052990491000173 ], [ 23.940834388000098, 48.052697021000029 ], [ 23.940343565000092, 48.052394393000043 ], [ 23.939954731000057, 48.052068533000067 ], [ 23.939748514000144, 48.051852358000076 ], [ 23.939732142000025, 48.051828138000189 ], [ 23.939715768999974, 48.051803917000029 ], [ 23.939581770000188, 48.051605592000044 ], [ 23.939490691, 48.05157549200004 ], [ 23.939399611000113, 48.051545390000058 ], [ 23.938994180000066, 48.051443371000062 ], [ 23.938883979000082, 48.051415641000062 ], [ 23.938773780000133, 48.051387911000063 ], [ 23.938384504000055, 48.051225852000073 ], [ 23.938262782000095, 48.051157725000053 ], [ 23.938141059000088, 48.0510895970001 ], [ 23.937826759000188, 48.050847189000137 ], [ 23.937290696000161, 48.050526564000165 ], [ 23.936703126000054, 48.050227205000169 ], [ 23.936304345000167, 48.049889313000108 ], [ 23.936108007000087, 48.049669928000128 ], [ 23.93603889200017, 48.049554085000068 ], [ 23.935969777000025, 48.049438241000075 ], [ 23.935818425000093, 48.048993466000127 ], [ 23.935529262999978, 48.048362698000176 ], [ 23.935389847000181, 48.047986391 ], [ 23.935285521000083, 48.047731757000065 ], [ 23.935293218000083, 48.047634665000032 ], [ 23.935300915000084, 48.047537571000191 ], [ 23.935162530000127, 48.04728306700008 ], [ 23.935079812000026, 48.04723200900014 ], [ 23.934997096000075, 48.047180952000076 ], [ 23.934638541000027, 48.047071926000115 ], [ 23.934104305000062, 48.046997816000044 ], [ 23.93359947700003, 48.047045400000059 ], [ 23.93322575100018, 48.047157195000182 ], [ 23.932942562000108, 48.047234390000085 ], [ 23.932653312000127, 48.04726592999998 ], [ 23.932193351000024, 48.04724862900008 ], [ 23.931905841000059, 48.04715180400018 ], [ 23.931737920000103, 48.047094276 ], [ 23.931544823000024, 48.047083582000027 ], [ 23.930153380999968, 48.047346667 ], [ 23.928841276000071, 48.04759614600016 ], [ 23.928503363000061, 48.047637024000153 ], [ 23.928097797000078, 48.047617949000085 ], [ 23.927676782000162, 48.047505323000166 ], [ 23.927238583000019, 48.047373728000025 ], [ 23.926875344999985, 48.047382691000166 ], [ 23.926785006999978, 48.047442025000123 ], [ 23.926694670000074, 48.047501360000126 ], [ 23.926412062000111, 48.047650859000157 ], [ 23.926106560999983, 48.047777603000156 ], [ 23.92526622600019, 48.047942005999971 ], [ 23.92479701100018, 48.047995608000178 ], [ 23.9244910970001, 48.048072866000155 ], [ 23.924213940000186, 48.048195695000118 ], [ 23.924117999000146, 48.048264564000192 ], [ 23.924022057000172, 48.048333433000153 ], [ 23.923864203999983, 48.048467241000026 ], [ 23.923763050000161, 48.048593225000161 ], [ 23.923733331000108, 48.048635778000175 ], [ 23.923663444999988, 48.04873584500001 ], [ 23.92327743900006, 48.048910946000035 ], [ 23.923168294000163, 48.048933121000175 ], [ 23.923059148, 48.048955297000077 ], [ 23.922682020000082, 48.049029420000068 ], [ 23.922545871000068, 48.049044918000106 ], [ 23.92240972400009, 48.049060416000145 ], [ 23.922109489000036, 48.049094141000182 ], [ 23.921343743000079, 48.049173079000127 ], [ 23.920887675000188, 48.049164351000115 ], [ 23.920672089000107, 48.04918182900019 ], [ 23.920565220000071, 48.049190494000072 ], [ 23.920458352000082, 48.049199159000182 ], [ 23.919727776000059, 48.049414987000091 ], [ 23.919161300000098, 48.049501141000121 ], [ 23.918457309000189, 48.049560456000165 ], [ 23.917265511000153, 48.049606658000073 ], [ 23.916635322000161, 48.049601331000076 ], [ 23.915891164000072, 48.049543123000035 ], [ 23.91548280100011, 48.049590276000117 ], [ 23.915000576000068, 48.049630083000125 ], [ 23.914569074999974, 48.04962402600006 ], [ 23.913461665, 48.049574724000081 ], [ 23.912821950000136, 48.04980595 ], [ 23.912142725000137, 48.050051456000062 ], [ 23.91132634100012, 48.050191410000139 ], [ 23.91073663800006, 48.050281065000149 ], [ 23.910646065000094, 48.05030403100011 ], [ 23.91055548800017, 48.050326996000138 ], [ 23.909518515000059, 48.050589924000064 ], [ 23.909455799000057, 48.050600023000072 ], [ 23.909393080000086, 48.050610123000013 ], [ 23.909059252000191, 48.050663881000048 ], [ 23.908860380000078, 48.050641750000068 ], [ 23.908772924000118, 48.050618464000081 ], [ 23.908685469999966, 48.050595178000151 ], [ 23.907912534000161, 48.049814321000099 ], [ 23.906978652000191, 48.048870834000127 ], [ 23.906864837000057, 48.048835076000159 ], [ 23.906751023000083, 48.048799319000125 ], [ 23.905723201000114, 48.048761080000077 ], [ 23.90469003200019, 48.048764721000111 ], [ 23.903866783000183, 48.048752391000164 ], [ 23.902894507000042, 48.048741574000076 ], [ 23.902163667000139, 48.04874694200015 ], [ 23.901771682000117, 48.048771378000026 ], [ 23.901193385000113, 48.048807428000032 ], [ 23.899655125000038, 48.048800347000054 ], [ 23.899259796000081, 48.048481885000172 ], [ 23.898798089000024, 48.0481099430001 ], [ 23.898089674000119, 48.047539245000166 ], [ 23.897598763000076, 48.047186948000046 ], [ 23.897206305000111, 48.04693899900002 ], [ 23.896919653, 48.046721106000064 ], [ 23.896825496000133, 48.046656722000023 ], [ 23.896731335000084, 48.04659233600006 ], [ 23.896587865000072, 48.046444650000069 ], [ 23.896513901, 48.046368512000186 ], [ 23.896428244000106, 48.046302195000123 ], [ 23.896342588000152, 48.046235878000061 ], [ 23.896057481000071, 48.046069377000038 ], [ 23.895812687000102, 48.045975079000073 ], [ 23.895690381000065, 48.045941243000073 ], [ 23.895568075000085, 48.045907406000026 ], [ 23.895033880000028, 48.045829308000179 ], [ 23.894431712000141, 48.045770473000175 ], [ 23.894079395, 48.045722198000192 ], [ 23.893626957000095, 48.045576292000192 ], [ 23.893279991000156, 48.045372607000104 ], [ 23.892689578000045, 48.045102687000167 ], [ 23.892364843000109, 48.044947727000135 ], [ 23.89221065800001, 48.044826451000063 ], [ 23.892126727000118, 48.044681454000056 ], [ 23.892173775000117, 48.044457335000061 ], [ 23.892329129000132, 48.043984810000154 ], [ 23.892623041000149, 48.043379378000111 ], [ 23.892813494000166, 48.04298705399998 ], [ 23.893063748000088, 48.042056257000183 ], [ 23.89334471899997, 48.040390685000034 ], [ 23.893077647000098, 48.040149212000188 ], [ 23.893310222000082, 48.040133175000051 ], [ 23.893763302000082, 48.040002207000043 ], [ 23.894210470000132, 48.039840804000107 ], [ 23.894931034000081, 48.039804074000074 ], [ 23.895192236000184, 48.039818402000037 ], [ 23.895345859000031, 48.039867357000048 ], [ 23.895584069000165, 48.039843699000073 ], [ 23.896094626000036, 48.039807683000106 ], [ 23.896360745000152, 48.039723025 ], [ 23.896632043000011, 48.039573639000082 ], [ 23.897494476000077, 48.039232439000102 ], [ 23.898688757, 48.038808306000078 ], [ 23.898895619000086, 48.038694138000096 ], [ 23.899104238, 48.038514513000052 ], [ 23.89938590100013, 48.038239473000033 ], [ 23.899656156000049, 48.038059154000109 ], [ 23.900007744000163, 48.03791757200014 ], [ 23.900239619000104, 48.037810185000012 ], [ 23.900883119000014, 48.037354980000089 ], [ 23.901261991000126, 48.037174756000127 ], [ 23.901440244000014, 48.036868723000111 ], [ 23.901785688000189, 48.036414224000055 ], [ 23.901917441000023, 48.036068606000072 ], [ 23.902102212000102, 48.035744415000181 ], [ 23.902315714000167, 48.035465799 ], [ 23.902529864000144, 48.035270922000166 ], [ 23.90267599800012, 48.035087702999988 ], [ 23.902737387000172, 48.034906868000064 ], [ 23.902757420000114, 48.034611614000141 ], [ 23.902783841000087, 48.034360298000138 ], [ 23.902867011000069, 48.034108783000192 ], [ 23.90301798400003, 48.033818966000126 ], [ 23.903185835000158, 48.033510058000104 ], [ 23.903530321000062, 48.033291884 ], [ 23.903937943000187, 48.033164841000087 ], [ 23.904521758000101, 48.033071433000146 ], [ 23.905575852000084, 48.032881205000081 ], [ 23.906097894000141, 48.032871749000151 ], [ 23.906699384000149, 48.032862010000144 ], [ 23.90741338700019, 48.032726256000103 ], [ 23.909480717000179, 48.032208851 ], [ 23.90945654300009, 48.032022423000058 ], [ 23.90948371200011, 48.031870070000139 ], [ 23.909567327000047, 48.031679450000183 ], [ 23.909791065999968, 48.03126756000006 ], [ 23.91001027100009, 48.031000329000051 ], [ 23.910234445000185, 48.030731668000101 ], [ 23.910435612000015, 48.030518474000075 ], [ 23.910481486000094, 48.030309685000077 ], [ 23.910476323000125, 48.03018284500007 ], [ 23.910467387999972, 48.029963351000049 ], [ 23.910379397999975, 48.029602055000169 ], [ 23.910285404000035, 48.029198910000105 ], [ 23.910242753000148, 48.028829840000128 ], [ 23.910267985000075, 48.028433881000126 ], [ 23.910327991000088, 48.028129153000179 ], [ 23.910416848000068, 48.027885225000034 ], [ 23.910597102000054, 48.027717098999972 ], [ 23.910766518000059, 48.027613720000033 ], [ 23.910856252000031, 48.027480174000175 ], [ 23.910797542000125, 48.027232967000089 ], [ 23.910812448000115, 48.026966465000044 ], [ 23.910908006000057, 48.026851930000078 ], [ 23.910963569000103, 48.026703281000152 ], [ 23.910906122000029, 48.026541489000067 ], [ 23.910847482000179, 48.026376343999971 ], [ 23.910736407000115, 48.025965647000191 ], [ 23.91070917400009, 48.025748632000102 ], [ 23.910722399000065, 48.025630731000035 ], [ 23.910931345999984, 48.025504373000047 ], [ 23.911378063000086, 48.025308648000134 ], [ 23.911960474000068, 48.025051531000088 ], [ 23.912174909000157, 48.024902312000052 ], [ 23.91239355800019, 48.02457036900006 ], [ 23.912557045000142, 48.024436558000048 ], [ 23.912823401000139, 48.024292039000102 ], [ 23.912964135000095, 48.024061624000126 ], [ 23.913017032000084, 48.02377258700011 ], [ 23.912979919000122, 48.023388272000034 ], [ 23.913199406000103, 48.023304171000063 ], [ 23.913219977000097, 48.023184654000033 ], [ 23.913254628000061, 48.022972385000173 ], [ 23.913286787000118, 48.022736270000053 ], [ 23.913361523000106, 48.022554023000168 ], [ 23.913568321000128, 48.022465002 ], [ 23.913549745000012, 48.022267434000184 ], [ 23.91353111300009, 48.022069267000063 ], [ 23.913579652000124, 48.021753159000184 ], [ 23.913698884000041, 48.021539864000033 ], [ 23.913949493000075, 48.021173251000164 ], [ 23.914293333000103, 48.020890337000026 ], [ 23.914556617000017, 48.02066031600009 ], [ 23.914771997000059, 48.020439452000119 ], [ 23.914889341000048, 48.020214449000036 ], [ 23.914927684000077, 48.020043022000152 ], [ 23.915069658000107, 48.019713368000055 ], [ 23.915300882000054, 48.019270147999976 ], [ 23.915291421000063, 48.019059650000145 ], [ 23.915242369000111, 48.018603056000018 ], [ 23.915238432000024, 48.018466039000145 ], [ 23.915341999000191, 48.018292471 ], [ 23.915478277000091, 48.017953206000072 ], [ 23.915545241000132, 48.017814031000057 ], [ 23.915776842000184, 48.017687581000075 ], [ 23.916008620000184, 48.01758396800011 ], [ 23.916195165999966, 48.017499552000061 ], [ 23.916323846000125, 48.017274507000138 ], [ 23.916304927999988, 48.017038577000164 ], [ 23.916190115000177, 48.016871509000055 ], [ 23.916211522000083, 48.016711561000136 ], [ 23.91671133400007, 48.016566346000104 ], [ 23.91704919700004, 48.016464914000039 ], [ 23.917395077000037, 48.016440820000184 ], [ 23.917802839000046, 48.016351790000101 ], [ 23.918157955000083, 48.016288138000164 ], [ 23.918432103000043, 48.016292405000058 ], [ 23.918664333000095, 48.016245882000078 ], [ 23.918794107000167, 48.016157862000057 ], [ 23.918951569000058, 48.015985998000019 ], [ 23.919078881000075, 48.015762076000158 ], [ 23.919366448000176, 48.015375457000061 ], [ 23.919580882000162, 48.015233836000164 ], [ 23.919824205000111, 48.015156820000186 ], [ 23.920209602000114, 48.015109734000191 ], [ 23.920810078999978, 48.015000957000154 ], [ 23.921286304000034, 48.014961148000168 ], [ 23.921903857000075, 48.014859916000148 ], [ 23.922226226000191, 48.014736927000172 ], [ 23.922610592000183, 48.014564225000072 ], [ 23.922825138000178, 48.014437824000026 ], [ 23.923081358000047, 48.014154205000068 ], [ 23.923314826000023, 48.013964024000074 ], [ 23.923574129000087, 48.013761327000111 ], [ 23.923697687000185, 48.013608615000066 ], [ 23.923830870000074, 48.013361478000149 ], [ 23.923984846000053, 48.012932656000032 ], [ 23.92417183200007, 48.012624806000133 ], [ 23.924277554000071, 48.012373191000165 ], [ 23.92437186899997, 48.012114006000104 ], [ 23.924432271, 48.011870171000112 ], [ 23.924469701000078, 48.011592163000046 ], [ 23.924427808000075, 48.011325868000085 ], [ 23.924380117000169, 48.011044368000114 ], [ 23.92428736, 48.010801097000126 ], [ 23.92412167599997, 48.01065709400018 ], [ 23.923865335000187, 48.010524804000113 ], [ 23.923671441000124, 48.010399905000156 ], [ 23.923505722000186, 48.010252068000057 ], [ 23.923459290999972, 48.010126606000028 ], [ 23.92348048700012, 48.009943819000057 ], [ 23.923529421000126, 48.009684802000038 ], [ 23.923624669000162, 48.009539806000134 ], [ 23.923787922000088, 48.009386947000166 ], [ 23.923922968000056, 48.009253223000144 ], [ 23.924056829000051, 48.008974861000183 ], [ 23.924094728000057, 48.008753947 ], [ 23.924108469000032, 48.008354221000161 ], [ 23.924118536000094, 48.008198119000042 ], [ 23.92426025300017, 48.008007725000084 ], [ 23.924406124000086, 48.007811747000062 ], [ 23.924471052000115, 48.007606821000138 ], [ 23.924537276000081, 48.007381996000106 ], [ 23.92465461200004, 48.007164596000052 ], [ 23.924800776000041, 48.007004185000028 ], [ 23.924897709000163, 48.006824082000151 ], [ 23.925286373000176, 48.00604316800019 ], [ 23.925308029000178, 48.00591747500016 ], [ 23.925141322000172, 48.005647835000048 ], [ 23.924963208000179, 48.005370623000033 ], [ 23.924743486000125, 48.004861372999983 ], [ 23.924672551000185, 48.004511443000183 ], [ 23.924606508000124, 48.004066334000015 ], [ 23.924666773000069, 48.00380727400011 ], [ 23.924851132000128, 48.003464013000041 ], [ 23.92500802800015, 48.003252129000089 ], [ 23.925216483000042, 48.003059179000104 ], [ 23.925758277000114, 48.002757109000186 ], [ 23.926040044999979, 48.00250800200007 ], [ 23.926695226000106, 48.002174411000112 ], [ 23.927085313000134, 48.002020705000177 ], [ 23.927515507000066, 48.001916332000121 ], [ 23.927868405000083, 48.001658008000106 ], [ 23.928519003000133, 48.001181758000087 ], [ 23.928823119000072, 48.000921786000106 ], [ 23.929239528000153, 48.000524362000078 ], [ 23.929632928, 48.000088958000106 ], [ 23.92981401600008, 47.998943780000047 ], [ 23.92988560800012, 47.998044154000013 ], [ 23.930283266000174, 47.996877998000173 ], [ 23.93135543700015, 47.99444516300008 ], [ 23.931495328000096, 47.993538704000116 ], [ 23.931357198, 47.992614256000195 ], [ 23.931401042000118, 47.99243138200012 ], [ 23.931506592000119, 47.992168341000138 ], [ 23.931560380000121, 47.991817945000093 ], [ 23.931630542999983, 47.99139136000008 ], [ 23.931605716000149, 47.99113260900009 ], [ 23.931542625000191, 47.991045336000013 ], [ 23.931360537000046, 47.990969877000111 ], [ 23.931143480000117, 47.990780368000117 ], [ 23.931046102000039, 47.990662747999977 ], [ 23.930898138000032, 47.990598559000091 ], [ 23.931006731000082, 47.990407547000132 ], [ 23.931105716, 47.990215064000097 ], [ 23.931193162000113, 47.989955701000042 ], [ 23.931278358999975, 47.989806865000162 ], [ 23.93134053600005, 47.989702425000019 ], [ 23.93136183200005, 47.989627599000073 ], [ 23.931398108000053, 47.989466680000135 ], [ 23.931426718000068, 47.989255629000183 ], [ 23.931434121999985, 47.989201011000091 ], [ 23.931378402000178, 47.989065033000031 ], [ 23.931344259000127, 47.988967127000137 ], [ 23.931413179000117, 47.988881561000142 ], [ 23.931642711000109, 47.988626187000136 ], [ 23.931820673000118, 47.988400336000041 ], [ 23.932009975000142, 47.988160097000161 ], [ 23.932217078000122, 47.98789726200016 ], [ 23.932486110000184, 47.987538025 ], [ 23.93271737800012, 47.987190976000136 ], [ 23.932904468000174, 47.98691022100013 ], [ 23.933323758000029, 47.986349056000108 ], [ 23.933456158000126, 47.98607848100005 ], [ 23.933482152000181, 47.986025357000074 ], [ 23.93364795500014, 47.985875565000129 ], [ 23.934245792000127, 47.986126156000182 ], [ 23.935635723000075, 47.986774443000058 ], [ 23.936166490000062, 47.987021050000124 ], [ 23.937056335000023, 47.987434493000137 ], [ 23.937647731000141, 47.987824428000181 ], [ 23.938438041000154, 47.988345509000055 ], [ 23.939071782999974, 47.988711106000153 ], [ 23.939677102000076, 47.988992318000157 ], [ 23.940181919, 47.989270024000064 ], [ 23.940383806000114, 47.989135188000091 ], [ 23.940655768000056, 47.989073867000059 ], [ 23.940881842000124, 47.989022892000037 ], [ 23.941118498000151, 47.988846887000136 ], [ 23.941808309000123, 47.988615850000087 ], [ 23.942613607000112, 47.988371139000037 ], [ 23.942747141000154, 47.988330560000122 ], [ 23.944863922000081, 47.98787324500006 ], [ 23.946350775999974, 47.989336747000152 ], [ 23.946644967000111, 47.989259478000065 ], [ 23.947007399000029, 47.98920477900009 ], [ 23.947301, 47.989058991000093 ], [ 23.947514756000032, 47.988860224000064 ], [ 23.947695083000099, 47.988730102000147 ], [ 23.948102739000092, 47.988659997000127 ], [ 23.948659071000122, 47.988733955000043 ], [ 23.94921401900001, 47.988648046000094 ], [ 23.949951466000186, 47.988683225999978 ], [ 23.950575512000114, 47.988718846000097 ], [ 23.950824400000101, 47.988649353000142 ], [ 23.951423444000113, 47.988418615000057 ], [ 23.951887793000083, 47.988348273999975 ], [ 23.953361151000138, 47.988243504000195 ], [ 23.953869790000056, 47.988051174000077 ], [ 23.954049498000188, 47.987852529000122 ], [ 23.954206523000096, 47.987653973000192 ], [ 23.95454619000003, 47.987591726000119 ], [ 23.955056623000075, 47.987604932000124 ], [ 23.955918665000183, 47.987624354000161 ], [ 23.956632751000143, 47.987583455000049 ], [ 23.957528410000066, 47.987557054000092 ], [ 23.95834738200017, 47.987835468000185 ], [ 23.95901874000009, 47.988091627000188 ], [ 23.959620577000067, 47.988180577000037 ], [ 23.960212157000171, 47.988391371000091 ], [ 23.960667549, 47.988587502000087 ], [ 23.961172753000085, 47.988862141000141 ], [ 23.961544318000165, 47.988987448000103 ], [ 23.962055379000105, 47.989069137000058 ], [ 23.962565490000088, 47.989044245000116 ], [ 23.963164642000095, 47.988920187000133 ], [ 23.963518530000101, 47.98892621900012 ], [ 23.96339748600019, 47.988793299000122 ], [ 23.963311351000073, 47.988700755000139 ], [ 23.963258956000118, 47.98864446000016 ], [ 23.963053472000126, 47.988401245000034 ], [ 23.963007276000042, 47.988346567000121 ], [ 23.962874109000154, 47.988188948000129 ], [ 23.962775726000075, 47.988053519 ], [ 23.962932572999989, 47.98797732100013 ], [ 23.96311015200007, 47.987517401000105 ], [ 23.963252829000055, 47.987396548000106 ], [ 23.963363833000187, 47.987302526000178 ], [ 23.963625852000064, 47.987155886000096 ], [ 23.963783943000124, 47.986969092000095 ], [ 23.964047096000115, 47.986658157000022 ], [ 23.964411454000071, 47.986227640000038 ], [ 23.964945622000016, 47.98532375800005 ], [ 23.965137526000092, 47.984999025999969 ], [ 23.965158871000028, 47.984850487000017 ], [ 23.965090435000036, 47.984644921000097 ], [ 23.965221719000056, 47.98402010000018 ], [ 23.965253148999977, 47.983870513000113 ], [ 23.965301289000081, 47.983720466000079 ], [ 23.965228366000133, 47.983603456000139 ], [ 23.965117293000105, 47.983397477999972 ], [ 23.96505127000006, 47.983273375000124 ], [ 23.964857484000049, 47.982924111000159 ], [ 23.964838051000129, 47.982849972000167 ], [ 23.964817017000144, 47.982769740000094 ], [ 23.964854311000011, 47.982503138000084 ], [ 23.965050303000055, 47.982281118000174 ], [ 23.964991436000105, 47.981988712000145 ], [ 23.964916571, 47.981859595 ], [ 23.964557387000127, 47.981636467000044 ], [ 23.964192606000097, 47.981420973000127 ], [ 23.963748081000176, 47.981163928000115 ], [ 23.963503916000093, 47.980827017000195 ], [ 23.963320952000061, 47.980429115000163 ], [ 23.963184181000031, 47.979969119000089 ], [ 23.963142169000093, 47.979885683000134 ], [ 23.963145574000123, 47.979821313000116 ], [ 23.963189362000037, 47.979755277000152 ], [ 23.963236653000138, 47.979710370000078 ], [ 23.963389010000014, 47.979684665000036 ], [ 23.963813649000087, 47.979622048000067 ], [ 23.964486739000165, 47.979448039000147 ], [ 23.964917135000064, 47.979293867000194 ], [ 23.964923910000039, 47.978823776000127 ], [ 23.964919857000098, 47.978711835000183 ], [ 23.964900551000142, 47.978178816000195 ], [ 23.964825077000114, 47.97798118500009 ], [ 23.964680662000148, 47.977641820000031 ], [ 23.964657780000039, 47.977428135000025 ], [ 23.964670125000055, 47.977113258000145 ], [ 23.964642043000026, 47.976874994000127 ], [ 23.964579534000109, 47.976619477000042 ], [ 23.964470237000057, 47.976444689000175 ], [ 23.964257415000191, 47.97616575700016 ], [ 23.964105921999987, 47.976072181000063 ], [ 23.964059731000191, 47.97602034200014 ], [ 23.963944649999974, 47.975891191000187 ], [ 23.963627463000137, 47.975513758000147 ], [ 23.963534741000103, 47.975448012000015 ], [ 23.963232217000098, 47.975233502000037 ], [ 23.962872931000049, 47.97499636100008 ], [ 23.962823692000143, 47.974956223000106 ], [ 23.962588407000112, 47.97476443100004 ], [ 23.96254314100014, 47.974477031000049 ], [ 23.962523352000176, 47.974374911000154 ], [ 23.962448061000089, 47.973986380000042 ], [ 23.962331941000059, 47.973678523999979 ], [ 23.962129573000027, 47.973233982000181 ], [ 23.961981568999988, 47.973075345000098 ], [ 23.96188906499998, 47.973036914000033 ], [ 23.961589190000154, 47.972912327000131 ], [ 23.961180186000036, 47.972812766000118 ], [ 23.960799778000023, 47.97274818000011 ], [ 23.960472474000142, 47.972682222000174 ], [ 23.960138692000044, 47.972461646000056 ], [ 23.959599027000081, 47.972055970000042 ], [ 23.959358535000035, 47.971958009 ], [ 23.959190102000036, 47.971831990000169 ], [ 23.959131668, 47.97178827099998 ], [ 23.958435392000126, 47.971547306000048 ], [ 23.957983180000042, 47.971389326000121 ], [ 23.957491926000046, 47.971272256000191 ], [ 23.957369804000109, 47.971125386000153 ], [ 23.957029418000161, 47.970985353000174 ], [ 23.956997911000144, 47.970825556000193 ], [ 23.956929579000189, 47.970479019000038 ], [ 23.956880108000064, 47.970078526 ], [ 23.956820069000173, 47.969969970000079 ], [ 23.956771378000155, 47.969881931000032 ], [ 23.956581427000117, 47.969914180000103 ], [ 23.956275410000103, 47.969966134000117 ], [ 23.955997667000133, 47.969836390000069 ], [ 23.955481307000071, 47.969718742999987 ], [ 23.955108084000187, 47.969497340000089 ], [ 23.95503975400004, 47.969403370000123 ], [ 23.95500295, 47.969335245000082 ], [ 23.954742830000157, 47.969125587000121 ], [ 23.954547671000057, 47.969023648000132 ], [ 23.954452416000095, 47.968993789000081 ], [ 23.954042292000111, 47.96886523600017 ], [ 23.953614944000094, 47.968645294000112 ], [ 23.953064511000093, 47.968442801000151 ], [ 23.952644387000191, 47.968225050000171 ], [ 23.952293559999987, 47.968041227000128 ], [ 23.952116348000061, 47.967855612000108 ], [ 23.952105077000112, 47.96765799700006 ], [ 23.952091895000081, 47.967551198000194 ], [ 23.953178271000127, 47.967339160000051 ], [ 23.955137052999987, 47.967005658000176 ], [ 23.958521591000078, 47.966518608000172 ], [ 23.959475621000138, 47.966399158000058 ], [ 23.959251124000161, 47.966332618000081 ], [ 23.95857407200009, 47.966131940000139 ], [ 23.95716772600008, 47.965588362000119 ], [ 23.956254301000058, 47.965009940000073 ], [ 23.955561879000129, 47.964571454000179 ], [ 23.956401786000129, 47.964774824000131 ], [ 23.957104370000138, 47.965017240000122 ], [ 23.957782812000175, 47.965094938000163 ], [ 23.958784732000083, 47.964948016000051 ], [ 23.959303908000038, 47.964619745000164 ], [ 23.959783138000091, 47.964014170000098 ], [ 23.960488921000149, 47.963331223000125 ], [ 23.961209967000116, 47.96286402100003 ], [ 23.961862915000154, 47.962582110000085 ], [ 23.962735103, 47.962365266000063 ], [ 23.963693688000035, 47.962262538000118 ], [ 23.964738676000138, 47.962273923000055 ], [ 23.965649721000091, 47.962441538000178 ], [ 23.966470100000038, 47.962721141000145 ], [ 23.967126645000121, 47.963226120000058 ], [ 23.967770804, 47.963801624000098 ], [ 23.96854551399997, 47.96474503800016 ], [ 23.969357322, 47.965679468000189 ], [ 23.970611962000078, 47.966517892000127 ], [ 23.971777171000156, 47.967158513000072 ], [ 23.972950778000154, 47.967549495000128 ], [ 23.973992738000049, 47.967679740000165 ], [ 23.975046112000143, 47.967644018000044 ], [ 23.976097515, 47.967417431 ], [ 23.977260216000047, 47.966961277000109 ], [ 23.978436357000078, 47.966327395000064 ], [ 23.979311857000027, 47.965586263000034 ], [ 23.979725067000118, 47.964748924000105 ], [ 23.979925172000094, 47.963811278000151 ], [ 23.979971796000029, 47.963040257000046 ], [ 23.979773232000127, 47.962655055000141 ], [ 23.979549985000062, 47.962208304000058 ], [ 23.97912390100015, 47.961805082000069 ], [ 23.978909910000084, 47.961406738000164 ], [ 23.978665126000124, 47.960779500000115 ], [ 23.978715807000128, 47.960187581000127 ], [ 23.97919576400011, 47.959677335000151 ], [ 23.97986715400009, 47.959289515000023 ], [ 23.980581717000121, 47.959060052000154 ], [ 23.981352835000166, 47.959013842000047 ], [ 23.982361717000174, 47.959129474000065 ], [ 23.98312246100005, 47.959344640000097 ], [ 23.984024226000145, 47.959666313000128 ], [ 23.984952812000074, 47.959835159000079 ], [ 23.986428083000192, 47.960023421000187 ], [ 23.987532713000064, 47.960301525000091 ], [ 23.988689821999969, 47.960786385000063 ], [ 23.989841819, 47.96119931800007 ], [ 23.99060367800007, 47.96130725300003 ], [ 23.991788707000126, 47.961329464000187 ], [ 23.992894468000088, 47.96129772 ], [ 23.994834171999969, 47.961367653000025 ], [ 23.996470150000164, 47.961651917000097 ], [ 23.997808594000048, 47.962115259000086 ], [ 23.999031747000117, 47.962629068000069 ], [ 24.000059301000022, 47.963246595000101 ], [ 24.001046728000119, 47.963992046000044 ], [ 24.001769564000028, 47.964728507000132 ], [ 24.002531545000124, 47.965444217000027 ], [ 24.003534924000121, 47.966058942000132 ], [ 24.003893860000119, 47.96627884600008 ], [ 24.004747516000066, 47.966775328000097 ], [ 24.005824615000108, 47.967110668000146 ], [ 24.006828609000024, 47.967356795000171 ], [ 24.007745055000044, 47.967393386000083 ], [ 24.008476129000087, 47.967272316 ], [ 24.009391492000077, 47.967010845000118 ], [ 24.010307855000121, 47.966642178000086 ], [ 24.010486215000185, 47.966560733 ], [ 24.011465116000068, 47.966113735000135 ], [ 24.012409411000135, 47.965579902000115 ], [ 24.012686154, 47.965423453000085 ], [ 24.012937718000046, 47.965237922000085 ], [ 24.014042140000129, 47.964423398000179 ], [ 24.014145441000039, 47.964347212000121 ], [ 24.014250323000056, 47.964269860000115 ], [ 24.014401622000037, 47.964186901000062 ], [ 24.015597034000166, 47.963480265000044 ], [ 24.015779057000032, 47.963371150000171 ], [ 24.015919755000141, 47.963286808000134 ], [ 24.016524761000085, 47.962924134000104 ], [ 24.017267167000057, 47.962453497000183 ], [ 24.01797662000007, 47.962008862000062 ], [ 24.019330012000125, 47.961128716000076 ], [ 24.020816777000107, 47.960216162000052 ], [ 24.021157118000133, 47.959996003000072 ], [ 24.021460736000051, 47.959799600000053 ], [ 24.021493067000108, 47.959778686000107 ], [ 24.022321171000101, 47.959243002 ], [ 24.023198881000042, 47.958606598000131 ], [ 24.023822143000132, 47.958126532 ], [ 24.024420284000144, 47.957668320000096 ], [ 24.024769921000029, 47.957391268000094 ], [ 24.025202820000061, 47.957048239000073 ], [ 24.02529619000012, 47.956973621000088 ], [ 24.025854437000021, 47.956527490000042 ], [ 24.026375530000053, 47.956063197999981 ], [ 24.02681882800016, 47.955678589000058 ], [ 24.027256326000099, 47.955245848000061 ], [ 24.027614320000055, 47.954908943000135 ], [ 24.027765853000119, 47.954766337000081 ], [ 24.02784049800016, 47.954682735000063 ], [ 24.028167112000176, 47.954316927000036 ], [ 24.028251038000178, 47.954222931000061 ], [ 24.028678565000121, 47.953684517000113 ], [ 24.028976436000164, 47.953327036000076 ], [ 24.029037410000058, 47.953244305000112 ], [ 24.029038776000164, 47.95324245200004 ], [ 24.029040141, 47.953240599000139 ], [ 24.029535448000047, 47.95256855700012 ], [ 24.030278773000191, 47.951053857000034 ], [ 24.030622114000096, 47.950306195000167 ], [ 24.030966669000065, 47.949856587999989 ], [ 24.031489364000095, 47.949504434000175 ], [ 24.032287955000129, 47.949197836000053 ], [ 24.033031031000178, 47.949006046000136 ], [ 24.034314707000135, 47.94907133300012 ], [ 24.035113576000072, 47.949169962000042 ], [ 24.036270812000112, 47.949451726000063 ], [ 24.037205755000116, 47.949787497000045 ], [ 24.038675205000175, 47.950415597000188 ], [ 24.041240366000068, 47.951475488000028 ], [ 24.04304022600013, 47.95193882000018 ], [ 24.045016073000056, 47.952308692000031 ], [ 24.047447010000042, 47.952714295000135 ], [ 24.047983471000123, 47.952804245000095 ], [ 24.049826310000071, 47.953113218000169 ], [ 24.050684237000098, 47.953278537000074 ], [ 24.051651892000166, 47.953223450000053 ], [ 24.05218607300003, 47.953110471 ], [ 24.053203968000162, 47.952868623000086 ], [ 24.05426935800017, 47.952761598000052 ], [ 24.055456355000047, 47.952771376000101 ], [ 24.05688158200013, 47.953145475999975 ], [ 24.057811517000061, 47.953409170000157 ], [ 24.058588926000027, 47.953529783000079 ], [ 24.059828457000151, 47.953543638000099 ], [ 24.061095716000125, 47.953500064000195 ], [ 24.062590262000128, 47.953271696000115 ], [ 24.064104081999972, 47.95283029 ], [ 24.064850945000046, 47.952412140000092 ], [ 24.06574545400008, 47.95155266900008 ], [ 24.067153969000174, 47.950185257000101 ], [ 24.067661588000192, 47.949509963000025 ], [ 24.068330795, 47.948823500000174 ], [ 24.069055694000042, 47.948224827999979 ], [ 24.070023557000127, 47.947657115000027 ], [ 24.070933935000141, 47.947215990000188 ], [ 24.071950475000051, 47.946878524000169 ], [ 24.072869289000039, 47.946592982000141 ], [ 24.07430262400004, 47.946204728000168 ], [ 24.075790484000038, 47.945808810000131 ], [ 24.077888185000177, 47.945067335000147 ], [ 24.079693577000114, 47.944374443000186 ], [ 24.081009233000088, 47.943845791000115 ], [ 24.082543877999967, 47.943179329000088 ], [ 24.083817168000166, 47.942587738000043 ], [ 24.08496385, 47.942010061000133 ], [ 24.086540348000085, 47.941203804000111 ], [ 24.08806142200018, 47.940512372000114 ], [ 24.088954029000035, 47.940069716000096 ], [ 24.089886529000069, 47.939499073000036 ], [ 24.091338342000029, 47.938694917000078 ], [ 24.093021675000159, 47.937885010000173 ], [ 24.093899944999976, 47.937524622000183 ], [ 24.09464145700008, 47.937236964000192 ], [ 24.095603525000058, 47.937109559000191 ], [ 24.096513092000123, 47.936978043000181 ], [ 24.097471899000141, 47.936766939999984 ], [ 24.098041646000127, 47.936549264000121 ], [ 24.098327333000043, 47.936333225000112 ], [ 24.098617900000193, 47.935986468000067 ], [ 24.098823817000095, 47.935513914000069 ], [ 24.098923514000035, 47.934937715999979 ], [ 24.099008960000049, 47.933931351000126 ], [ 24.098934848000113, 47.932659178000108 ], [ 24.098907552000185, 47.932446466000101 ], [ 24.09891041800006, 47.932059548000097 ], [ 24.098926888000165, 47.931503067000108 ], [ 24.098998294000012, 47.93109032000018 ], [ 24.099045309000076, 47.930924416000096 ], [ 24.099127549000173, 47.930396169 ], [ 24.09949715099998, 47.929366719000086 ], [ 24.100051787000041, 47.928251613000043 ], [ 24.100406239999984, 47.927678633000085 ], [ 24.101037033000068, 47.926984222000044 ], [ 24.101919238000107, 47.92606631700005 ], [ 24.1031231340001, 47.924887497000043 ], [ 24.104263031000187, 47.923832382000057 ], [ 24.104929874, 47.923298086000102 ], [ 24.105224219000092, 47.922949225000082 ], [ 24.105404790000023, 47.922519973000078 ], [ 24.105794230000129, 47.921620771000107 ], [ 24.106397512000115, 47.920838375000017 ], [ 24.10764749100008, 47.919391378000114 ], [ 24.108055015000048, 47.918879726000057 ], [ 24.108388311000056, 47.918305073000056 ], [ 24.108691801000134, 47.917656584000099 ], [ 24.109172967000177, 47.916964756000084 ], [ 24.109882588000175, 47.916305057000102 ], [ 24.111630322000167, 47.915054183000166 ], [ 24.112430790000133, 47.914730495000072 ], [ 24.113484644000152, 47.914540982000062 ], [ 24.115048655000123, 47.914477060000138 ], [ 24.116016683000112, 47.91453825800005 ], [ 24.11722930500008, 47.91466142500019 ], [ 24.119732753999983, 47.915071134000073 ], [ 24.122123990000148, 47.91551494600003 ], [ 24.123528020000151, 47.91563866100006 ], [ 24.125266404000115, 47.915673993000155 ], [ 24.127279489000102, 47.915473267000039 ], [ 24.127816455000129, 47.91544358100009 ], [ 24.128371086000129, 47.915558284000042 ], [ 24.129025819, 47.915709382000102 ], [ 24.129774252000061, 47.915810566000175 ], [ 24.130544571000087, 47.915784735000045 ], [ 24.131140543000186, 47.915659517000165 ], [ 24.132038586000135, 47.915386192000028 ], [ 24.133007772000042, 47.914946779000161 ], [ 24.135513957000057, 47.913611562000085 ], [ 24.136232736000068, 47.913267049000126 ], [ 24.137087172000065, 47.912875880000172 ], [ 24.138267924000104, 47.912195457000109 ], [ 24.139056058999984, 47.911942131000103 ], [ 24.1399717, 47.911813128000176 ], [ 24.141562212000167, 47.911909808000189 ], [ 24.141950408000127, 47.911974046000125 ], [ 24.142867115000058, 47.912209791 ], [ 24.143651026000157, 47.912413752000134 ], [ 24.144463397000152, 47.912637796000183 ], [ 24.144923764000112, 47.91280587100016 ], [ 24.145203485000081, 47.912942025000063 ], [ 24.145427694000091, 47.913091741000187 ], [ 24.145594750000043, 47.913326398000152 ], [ 24.145714363000081, 47.913589546000082 ], [ 24.145808767000062, 47.913782803000174 ], [ 24.145863614000064, 47.913958683000146 ], [ 24.14595498500006, 47.914169581000181 ], [ 24.146084703000156, 47.914404911000133 ], [ 24.146222916000113, 47.914590846000124 ], [ 24.146463274000155, 47.91477041700017 ], [ 24.146766006000121, 47.9149584110001 ], [ 24.147101838000026, 47.915170429000057 ], [ 24.147486516000072, 47.915407693000134 ], [ 24.147820957000135, 47.915565970000159 ], [ 24.148213317000057, 47.915789527000072 ], [ 24.148535842, 47.915986205000195 ], [ 24.148601883000083, 47.916047264000042 ], [ 24.149076401000059, 47.916287926000052 ], [ 24.150351426000157, 47.916708762000042 ], [ 24.151310935000026, 47.916902473000164 ], [ 24.152592126000059, 47.916978144000097 ], [ 24.153719906000163, 47.91701805200006 ], [ 24.154632375000062, 47.916969724000126 ], [ 24.155247422000059, 47.916898298000092 ], [ 24.155907560000117, 47.916770780000036 ], [ 24.156595980000077, 47.916478603000087 ], [ 24.157406208000168, 47.915993273000083 ], [ 24.157986966000067, 47.915502046000029 ], [ 24.158445904000189, 47.91520396500016 ], [ 24.158989609000173, 47.915031640000166 ], [ 24.159788996000145, 47.915022166000085 ], [ 24.160554734000073, 47.915105419000156 ], [ 24.161292886000012, 47.915246115000059 ], [ 24.161869548000141, 47.915398115000016 ], [ 24.162315670999988, 47.915587656000184 ], [ 24.162755068000024, 47.915919687000041 ], [ 24.163201200000174, 47.916419089000158 ], [ 24.163692426000125, 47.917172261000132 ], [ 24.164495918, 47.918688555000131 ], [ 24.164841678000016, 47.919584457000042 ], [ 24.164919310000073, 47.919732110999973 ], [ 24.16523202000019, 47.920370042000116 ], [ 24.166576712000051, 47.919994023000186 ], [ 24.167092862000118, 47.919879110000181 ], [ 24.167374143000018, 47.919686397000135 ], [ 24.167765767000105, 47.919263881000177 ], [ 24.16804972400007, 47.918952196000191 ], [ 24.168323588000192, 47.918699316000072 ], [ 24.168735404000131, 47.91846904800019 ], [ 24.169651238000085, 47.91819442000002 ], [ 24.171850304000145, 47.917673613000034 ], [ 24.172801102999983, 47.917401670000174 ], [ 24.173660379000069, 47.917146463000108 ], [ 24.174634056000059, 47.916947784000115 ], [ 24.175206033000052, 47.916920584000138 ], [ 24.176602998000078, 47.916838100000064 ], [ 24.177508049000096, 47.916729423000049 ], [ 24.178149278000092, 47.916504968000027 ], [ 24.178553615000112, 47.916214497000112 ], [ 24.178863047000107, 47.915857087000177 ], [ 24.179162400000109, 47.91555848500019 ], [ 24.179735638000125, 47.915316840000173 ], [ 24.180448839000064, 47.915086027000143 ], [ 24.181459464000113, 47.914878232000092 ], [ 24.182346346000088, 47.914875371000107 ], [ 24.184071022000182, 47.914949253000032 ], [ 24.185060243, 47.915073467000184 ], [ 24.186560887000041, 47.915213401000017 ], [ 24.18800363500003, 47.91527733099997 ], [ 24.189179918000093, 47.91534447000015 ], [ 24.190160335000144, 47.915313028000185 ], [ 24.190831238000158, 47.915329151000037 ], [ 24.191854871000032, 47.915563225000028 ], [ 24.192835652000042, 47.916151509000031 ], [ 24.193713301000116, 47.916410034000194 ], [ 24.194934677000106, 47.916421010000192 ], [ 24.195772328000032, 47.916187801000035 ], [ 24.196566130000178, 47.915796267000133 ], [ 24.19722396800006, 47.915370388000156 ], [ 24.197350293000113, 47.915270060000182 ], [ 24.197819972, 47.914866255000106 ], [ 24.19835756000009, 47.914395221000177 ], [ 24.198709460000032, 47.914102557000149 ], [ 24.198861432, 47.913955631000078 ], [ 24.198991481, 47.913796453000032 ], [ 24.20015258400008, 47.913514341000166 ], [ 24.200360252000053, 47.913470192000148 ], [ 24.200485907000029, 47.912497917000053 ], [ 24.201239314000134, 47.911304748000191 ], [ 24.202107419000072, 47.910821722000037 ], [ 24.204379249000112, 47.910543731000189 ], [ 24.206419104000076, 47.909857158000136 ], [ 24.207256275000134, 47.909372922000045 ], [ 24.208378622, 47.90911153899998 ], [ 24.208854840000186, 47.908938536000164 ], [ 24.209866233000071, 47.908039325000118 ], [ 24.211820711000144, 47.906626205000066 ], [ 24.212836141000139, 47.90642357500019 ], [ 24.213551274000054, 47.906221308000056 ], [ 24.213734361000036, 47.905666816000178 ], [ 24.215222889000074, 47.904195101000028 ], [ 24.217404659000124, 47.902790591000155 ], [ 24.217102249000163, 47.901861541000187 ], [ 24.217568550000124, 47.901431936000108 ], [ 24.218143884000085, 47.901074235000067 ], [ 24.218108905000122, 47.899865478000152 ], [ 24.218078707000132, 47.899086123000075 ], [ 24.218363112000134, 47.897625498000082 ], [ 24.221102783000049, 47.897064381000121 ], [ 24.223645828000087, 47.897698876000106 ], [ 24.224009206000119, 47.897355039000161 ], [ 24.225371313000096, 47.896559082000124 ], [ 24.22681563600014, 47.896651149000036 ], [ 24.228023136000047, 47.896553446000041 ], [ 24.228727689000152, 47.897036722000053 ], [ 24.230574749000027, 47.897566230000166 ], [ 24.231136184000036, 47.898170758000106 ], [ 24.232638457000064, 47.898254720000125 ], [ 24.234559096000112, 47.898801215000105 ], [ 24.236219386000187, 47.898665949000133 ], [ 24.237718421000125, 47.899273052000183 ], [ 24.240050532000055, 47.899523890000125 ], [ 24.241974570000139, 47.901049470000032 ], [ 24.242419008000127, 47.901479294000069 ], [ 24.245001966000132, 47.901339346000043 ], [ 24.246124433000034, 47.902159711000195 ], [ 24.24905603000019, 47.903181000000188 ], [ 24.250335175000089, 47.904122996000183 ], [ 24.251791071000071, 47.904692422000039 ], [ 24.252661120000027, 47.905121513000097 ], [ 24.25326085100005, 47.90567609500016 ], [ 24.25570674700009, 47.906809224000028 ], [ 24.256727566000052, 47.906935232000137 ], [ 24.261629902000152, 47.907292241000107 ], [ 24.264028981000138, 47.907109148000131 ], [ 24.264694370000029, 47.907408045000125 ], [ 24.265512812000054, 47.907389749000174 ], [ 24.266641097000104, 47.907133013000077 ], [ 24.267288592000114, 47.90704668800015 ], [ 24.267514148000089, 47.907016616000135 ], [ 24.269419203999973, 47.90634484900005 ], [ 24.273491190000129, 47.906275473000164 ], [ 24.274001543000168, 47.906414616000063 ], [ 24.275035350000167, 47.90642227800015 ], [ 24.276186516, 47.906071860000111 ], [ 24.279713844000185, 47.90579843200004 ], [ 24.28053227900017, 47.906366363000075 ], [ 24.281928210999979, 47.907459935000134 ], [ 24.286609807000104, 47.908871527000031 ], [ 24.287387168000066, 47.909431498000117 ], [ 24.292541132000167, 47.91090278900009 ], [ 24.294291593000139, 47.911327321000044 ], [ 24.295844778000117, 47.911180228000035 ], [ 24.297894207000127, 47.911197313000116 ], [ 24.298978048000038, 47.912462278000021 ], [ 24.299324772000091, 47.912704672000189 ], [ 24.301444110000148, 47.914276077000125 ], [ 24.301943585000174, 47.914561364000178 ], [ 24.303768273000173, 47.917099116000031 ], [ 24.307031732999974, 47.91751019100019 ], [ 24.309294499000146, 47.918178542000135 ], [ 24.310142034000023, 47.919039252000118 ], [ 24.311561612000048, 47.920334459000117 ], [ 24.315798161000032, 47.923026482000182 ], [ 24.320233804000111, 47.923326342000109 ], [ 24.324871729000108, 47.925853206000113 ], [ 24.328011161000177, 47.923088994000182 ], [ 24.327762786000108, 47.922626771000068 ], [ 24.334882226000161, 47.917793448000054 ], [ 24.33863872500018, 47.918218659000161 ], [ 24.341986208000151, 47.916029747999971 ], [ 24.342076718000158, 47.915982254000141 ], [ 24.344490051000093, 47.914541056000076 ], [ 24.344996289000051, 47.914651008000135 ], [ 24.350183589000096, 47.915345160000186 ], [ 24.350648181000167, 47.915618764999977 ], [ 24.351007977000108, 47.915798611000127 ], [ 24.351804140000127, 47.916040172000123 ], [ 24.353486434000047, 47.916611050000142 ], [ 24.356743340000094, 47.91857307500004 ], [ 24.359657669000057, 47.919324376000077 ], [ 24.360858993000193, 47.919719335000195 ], [ 24.362259037, 47.920409395000092 ], [ 24.363306956000145, 47.920817215000056 ], [ 24.365395010000043, 47.921870877 ], [ 24.368546625000135, 47.923235727000133 ], [ 24.372006020000129, 47.9239875560001 ], [ 24.377145306000045, 47.925235010000108 ], [ 24.381102697000017, 47.926396368000098 ], [ 24.381437423000023, 47.926415284000086 ], [ 24.381574120000039, 47.926933289000033 ], [ 24.381610494000029, 47.927487696000185 ], [ 24.381027318000122, 47.930145402000164 ], [ 24.381214921000094, 47.930798963000143 ], [ 24.380466176000027, 47.931521719000045 ], [ 24.380715419000126, 47.932098288000077 ], [ 24.380381591000059, 47.933909983000149 ], [ 24.381267754000078, 47.935905861000094 ], [ 24.382420906000107, 47.937756786000193 ], [ 24.38320864100001, 47.939883960000145 ], [ 24.385637728000177, 47.940788557000133 ], [ 24.386668611000118, 47.942099884000186 ], [ 24.388093034000121, 47.944239382000092 ], [ 24.390739771000028, 47.946495024000058 ], [ 24.391498226000124, 47.947368629000096 ], [ 24.392157100000134, 47.948401034000028 ], [ 24.392157114000099, 47.948401059000105 ], [ 24.392157114000099, 47.948401088000026 ], [ 24.392216795000024, 47.952746769000157 ], [ 24.393929825000157, 47.95427968000007 ], [ 24.396273087000054, 47.955096052000101 ], [ 24.39677524200016, 47.955631535000066 ], [ 24.397701222000023, 47.955940941000108 ], [ 24.399875360000124, 47.955897009000182 ], [ 24.400851935000048, 47.955764756000178 ], [ 24.401239736000036, 47.955779710000172 ], [ 24.403662028000099, 47.957490949000089 ], [ 24.405187260000162, 47.958146224000018 ], [ 24.406028272000128, 47.958676782000055 ], [ 24.407505259, 47.959379442000113 ], [ 24.409646692000024, 47.960126926000157 ], [ 24.413564209000072, 47.960025245000168 ], [ 24.415736006000088, 47.959655022000163 ], [ 24.425065117000031, 47.964996993000113 ], [ 24.428924039000151, 47.967628958000034 ], [ 24.430669558000034, 47.968457768000064 ], [ 24.432296459000099, 47.96914088200009 ], [ 24.434530724000126, 47.969893318000175 ], [ 24.43583178200015, 47.97034243600018 ], [ 24.436502453000116, 47.97013345400012 ], [ 24.44715257900009, 47.963857051000161 ], [ 24.450727429000096, 47.9629740150001 ], [ 24.454214644000047, 47.963013725000167 ], [ 24.460527497000044, 47.96236325100017 ], [ 24.463999968000053, 47.961745517000054 ], [ 24.464470243000108, 47.961718803000167 ], [ 24.46469151500014, 47.961706232000097 ], [ 24.464859722000085, 47.961696677000077 ], [ 24.465395182000179, 47.961784431000069 ], [ 24.46708236600017, 47.962095434000105 ], [ 24.471740390000093, 47.963057475000085 ], [ 24.472282292000159, 47.963104186000123 ], [ 24.474525922000169, 47.962306721000118 ], [ 24.475117122000086, 47.961737212000173 ], [ 24.475174765000133, 47.961121847000129 ], [ 24.480882610000151, 47.959600102000081 ], [ 24.48461083899997, 47.95792427300006 ], [ 24.485720878000109, 47.957281604000116 ], [ 24.487432261000038, 47.955844882000065 ], [ 24.49440168700005, 47.95543238800019 ], [ 24.49918155000006, 47.953748532000134 ], [ 24.502052057000128, 47.952287345000116 ], [ 24.512325364999981, 47.951843079000128 ], [ 24.51375955300017, 47.952289466000025 ], [ 24.513528668000163, 47.953689234000024 ], [ 24.514196447000074, 47.954030643000124 ], [ 24.515426698, 47.954677902000128 ], [ 24.517968199000052, 47.956435548000059 ], [ 24.520124574000022, 47.957583349000117 ], [ 24.522833094000134, 47.958964513000183 ], [ 24.524134163000042, 47.960050262000038 ], [ 24.5253871540001, 47.960675275000142 ], [ 24.526136387000179, 47.961048935000122 ], [ 24.527048446000038, 47.961503843000116 ], [ 24.527551371000186, 47.961609179000106 ], [ 24.52797818900018, 47.961449738000169 ], [ 24.529706579000162, 47.960804059000111 ], [ 24.531126153, 47.960695009000176 ], [ 24.536972443000025, 47.96198709600003 ], [ 24.549699891000103, 47.960005538000075 ], [ 24.550298833999989, 47.958705165000026 ], [ 24.552521477000141, 47.95867953100003 ], [ 24.556139212000062, 47.961184364000076 ], [ 24.556231727000181, 47.963932722000095 ], [ 24.55698609000018, 47.964444390000153 ], [ 24.557668127, 47.964947067000082 ], [ 24.558189619000188, 47.965337215000034 ], [ 24.559707629000172, 47.966682953000031 ], [ 24.561816337000039, 47.967979514000092 ], [ 24.562720914000181, 47.968457920000048 ], [ 24.563168942000118, 47.969673528000101 ], [ 24.563409989000093, 47.970454022000183 ], [ 24.563629407000121, 47.971366381000109 ], [ 24.563673859000062, 47.971960731000081 ], [ 24.563624880000191, 47.972605368000188 ], [ 24.563383622000117, 47.973400720000086 ], [ 24.563367725000148, 47.973445692000098 ], [ 24.563067451000165, 47.974442989000124 ], [ 24.562948438000035, 47.975168244000145 ], [ 24.562924402000135, 47.975373403000162 ], [ 24.562877570000182, 47.975773129 ], [ 24.563017112000182, 47.976393582000128 ], [ 24.563102956000023, 47.976686570000027 ], [ 24.563162722000129, 47.97689055100011 ], [ 24.563390840000011, 47.977317359000097 ], [ 24.563810714000113, 47.977786952000088 ], [ 24.564414506000162, 47.978260616000057 ], [ 24.564877354000089, 47.978697735000083 ], [ 24.565532123000025, 47.979687539000054 ], [ 24.565969589000133, 47.980348555000035 ], [ 24.565987793000033, 47.980376015 ], [ 24.566042256, 47.980458147000036 ], [ 24.566077908000125, 47.980530658000134 ], [ 24.566571307000174, 47.981605200000047 ], [ 24.566605105000122, 47.982184064000137 ], [ 24.566543959000057, 47.982542760000172 ], [ 24.566407523000123, 47.983341947000099 ], [ 24.566200187000049, 47.983846899000127 ], [ 24.566054875000077, 47.984200787000134 ], [ 24.566017708000118, 47.984291303000134 ], [ 24.566008046000036, 47.984348283000031 ], [ 24.565922392000061, 47.984853443000134 ], [ 24.565906247000044, 47.984948637000173 ], [ 24.565900328000168, 47.984983539000041 ], [ 24.565973897000163, 47.985444120000068 ], [ 24.566069763000087, 47.986428370000112 ], [ 24.566162436000184, 47.987918839000088 ], [ 24.566177374000176, 47.988152317000015 ], [ 24.566237049000051, 47.988329521000139 ], [ 24.566368887000124, 47.988553770000124 ], [ 24.56660016100011, 47.988821122000047 ], [ 24.566749540000103, 47.989046667000139 ], [ 24.566935930000056, 47.9892630330001 ], [ 24.567042355000069, 47.989425819000076 ], [ 24.567100103000087, 47.989614796000183 ], [ 24.567129685, 47.989867232000108 ], [ 24.56717720600011, 47.990153145000193 ], [ 24.567491637000103, 47.990906908000113 ], [ 24.567767078000088, 47.991392022000127 ], [ 24.567859094000084, 47.991696740000123 ], [ 24.567830189000063, 47.991926977000048 ], [ 24.567739893000066, 47.992152673000078 ], [ 24.567449153000155, 47.992572089000134 ], [ 24.567131718000098, 47.992989217 ], [ 24.567087593999986, 47.993095319000076 ], [ 24.567079352, 47.993303384000171 ], [ 24.567117597000106, 47.993502703000047 ], [ 24.567226664000145, 47.9937487360001 ], [ 24.567742089999967, 47.994340853000153 ], [ 24.56834785000018, 47.994884818000116 ], [ 24.568546976000164, 47.995131914000126 ], [ 24.568628070000102, 47.995286867000061 ], [ 24.568610756999988, 47.995446461000142 ], [ 24.568401172000165, 47.996074462000138 ], [ 24.568272888000024, 47.996315225000046 ], [ 24.56796153300013, 47.996643744000153 ], [ 24.567882747000169, 47.996745168000189 ], [ 24.567923776999976, 47.996819702000153 ], [ 24.56812959500013, 47.996971961000042 ], [ 24.568738058000122, 47.997267196000053 ], [ 24.56954142100011, 47.997564919000069 ], [ 24.571222285999966, 47.998195619000057 ], [ 24.573183955000047, 47.9989006670001 ], [ 24.573518469000192, 47.999080300000116 ], [ 24.573618092000174, 47.999230660000137 ], [ 24.57364963800012, 47.999471322000147 ], [ 24.573575051000034, 47.999657774000127 ], [ 24.572809263000124, 48.000361668000096 ], [ 24.572192253000026, 48.00080930900009 ], [ 24.571946740000044, 48.000973264000095 ], [ 24.571866331000081, 48.001037872000097 ], [ 24.571464962000164, 48.001360364000163 ], [ 24.571406119000187, 48.001435223000044 ], [ 24.57132414300014, 48.001539507000132 ], [ 24.571284719000062, 48.001940217000083 ], [ 24.571105162000038, 48.002209761000188 ], [ 24.570923195000034, 48.00272878200002 ], [ 24.570737878000045, 48.003474165000171 ], [ 24.570607528000096, 48.003771764000192 ], [ 24.57054933500018, 48.004051391000132 ], [ 24.570631036000066, 48.004603963000193 ], [ 24.570658128000048, 48.00468110200012 ], [ 24.570693068000082, 48.00476962700003 ], [ 24.570782103000056, 48.004995280000173 ], [ 24.570861869000112, 48.005197426 ], [ 24.571101610000142, 48.00552929700001 ], [ 24.571327091000057, 48.005702383000141 ], [ 24.571656476000044, 48.005955227000072 ], [ 24.572107091000078, 48.006387517000178 ], [ 24.572473307, 48.007009199000095 ], [ 24.572579426000175, 48.007163600000183 ], [ 24.572837632000073, 48.007539289000078 ], [ 24.573011284000017, 48.008168157000057 ], [ 24.573146227999985, 48.00847944700007 ], [ 24.573205247000033, 48.008530295000185 ], [ 24.573375175000024, 48.008676694000144 ], [ 24.573430168000073, 48.008748817000139 ], [ 24.573452414000144, 48.008777996000163 ], [ 24.573523029, 48.008870605000084 ], [ 24.573618995000118, 48.009200403000193 ], [ 24.573723258000143, 48.009598998000058 ], [ 24.573648282000136, 48.00981199000006 ], [ 24.573587012000075, 48.009984193000037 ], [ 24.573374939000189, 48.010600497000041 ], [ 24.573351588000151, 48.01086421600013 ], [ 24.573346119000121, 48.010931492000168 ], [ 24.573322888000064, 48.011188363000031 ], [ 24.573226264000084, 48.01154931100001 ], [ 24.573290028000031, 48.01192693500019 ], [ 24.57340993300005, 48.012252607000164 ], [ 24.573748246000093, 48.012886578000121 ], [ 24.574129519999985, 48.013647619000096 ], [ 24.574369865999984, 48.014022874000148 ], [ 24.574538898000128, 48.014291569000079 ], [ 24.574888321000174, 48.014597423000168 ], [ 24.575256102000139, 48.014791423000077 ], [ 24.575486318000173, 48.014903762000188 ], [ 24.57566212100005, 48.015131247000113 ], [ 24.575934283000038, 48.015908055000068 ], [ 24.576071130000059, 48.016156496000121 ], [ 24.576278976000026, 48.016296972000191 ], [ 24.576631157000122, 48.016477899000165 ], [ 24.577053699000089, 48.016771271000096 ], [ 24.577293997000083, 48.017092891000061 ], [ 24.57758799200019, 48.017466143000036 ], [ 24.578050640000072, 48.017839931000026 ], [ 24.5787321950001, 48.018557587000089 ], [ 24.57917395100003, 48.019275410000091 ], [ 24.579739870000026, 48.020210938000048 ], [ 24.580051365000145, 48.020531850000111 ], [ 24.580402623000111, 48.020718655000053 ], [ 24.581298993000189, 48.020993364000105 ], [ 24.581835590000082, 48.021241511000142 ], [ 24.58205136800018, 48.021442145000037 ], [ 24.582292682000059, 48.021757870000101 ], [ 24.582577618000187, 48.022025011000096 ], [ 24.582850982000082, 48.02219216400016 ], [ 24.58299318000013, 48.022279232000074 ], [ 24.583630216000074, 48.022669283000141 ], [ 24.583709059000114, 48.022742943000026 ], [ 24.584233932000075, 48.023048695000057 ], [ 24.584403339000175, 48.023143187000073 ], [ 24.585866471000088, 48.023795956000185 ], [ 24.586715557000161, 48.024077857000123 ], [ 24.587491651999983, 48.024545033999971 ], [ 24.588311578000173, 48.02509170400009 ], [ 24.588649164, 48.025468950000061 ], [ 24.588678138000091, 48.025521518000119 ], [ 24.588932607000118, 48.025854882000033 ], [ 24.589323541000113, 48.026333923000095 ], [ 24.590063339000039, 48.027116296000088 ], [ 24.590557270000147, 48.02765797800015 ], [ 24.591073578000078, 48.028496839000184 ], [ 24.592255779000084, 48.030042581000032 ], [ 24.592580500000054, 48.030626314000074 ], [ 24.59276642400016, 48.031176548000133 ], [ 24.592996677000087, 48.031679717000145 ], [ 24.593331412, 48.032152453000151 ], [ 24.594020648000026, 48.032803846000149 ], [ 24.594931837, 48.033662256000127 ], [ 24.595627126000068, 48.034190152000065 ], [ 24.596600075000026, 48.034671768000123 ], [ 24.596911029000182, 48.034853246000068 ], [ 24.597393386000192, 48.035035276000031 ], [ 24.598018171000092, 48.035386364000146 ], [ 24.598874384000169, 48.035916341000188 ], [ 24.599140590000161, 48.036083933000043 ], [ 24.599523384, 48.036350457000026 ], [ 24.599855234000131, 48.036494062000088 ], [ 24.600152661000152, 48.036587464000036 ], [ 24.600680899000167, 48.036616830000128 ], [ 24.601712285000019, 48.036611740000069 ], [ 24.603860019000138, 48.036560120000047 ], [ 24.605264294000051, 48.036534778000089 ], [ 24.606615204999969, 48.036357727000109 ], [ 24.607561284000042, 48.036222375000079 ], [ 24.608321777000128, 48.036135327000181 ], [ 24.608729003000121, 48.036122386000102 ], [ 24.609116021000148, 48.036146089000169 ], [ 24.609694963999971, 48.036169609000183 ], [ 24.60999232000006, 48.036220081000067 ], [ 24.610305353000115, 48.036305071000186 ], [ 24.610432715, 48.036395472000152 ], [ 24.610554008, 48.036566458000038 ], [ 24.610691566000014, 48.036681440000166 ], [ 24.610946203000026, 48.036819333000096 ], [ 24.611119555000187, 48.036889282000118 ], [ 24.611408354, 48.036948654000071 ], [ 24.611822701999984, 48.036979125000187 ], [ 24.612045031000036, 48.036966874000143 ], [ 24.61227601600001, 48.036988625999982 ], [ 24.612477462000186, 48.037060638000071 ], [ 24.612639268000066, 48.037201235000111 ], [ 24.612871, 48.037566237000078 ], [ 24.61298901400005, 48.038018209000029 ], [ 24.613264805000028, 48.038548515000173 ], [ 24.613470951000068, 48.038983133999977 ], [ 24.613819199000091, 48.03946156600017 ], [ 24.614059229000077, 48.039688944000147 ], [ 24.614402396000116, 48.039981102000127 ], [ 24.614723239999989, 48.040409851 ], [ 24.615051788000187, 48.040791498000033 ], [ 24.61539823600009, 48.041150627000036 ], [ 24.616032723000103, 48.041623279000021 ], [ 24.617535325000063, 48.042490448000137 ], [ 24.621769818000075, 48.044617140000071 ], [ 24.622130331000108, 48.044867412000144 ], [ 24.622691729000053, 48.04534717000007 ], [ 24.623171722000052, 48.045716081000137 ], [ 24.623540669000135, 48.04598150400011 ], [ 24.624195207000071, 48.046239297000056 ], [ 24.624913639, 48.046454110000184 ], [ 24.625310287000161, 48.046549963000189 ], [ 24.625466359000086, 48.046559825000088 ], [ 24.625997185000131, 48.046616913000037 ], [ 24.626614234000158, 48.046690808000051 ], [ 24.626936413000067, 48.046807405000152 ], [ 24.627055093000081, 48.046994864000112 ], [ 24.627089478000187, 48.047176135000143 ], [ 24.62705503300009, 48.047452453000062 ], [ 24.627007743000092, 48.047742129000085 ], [ 24.626828864000117, 48.048315292000154 ], [ 24.626713981000137, 48.049214898000173 ], [ 24.626633078000111, 48.049645104000035 ], [ 24.626533250000023, 48.04999527300015 ], [ 24.626473924000095, 48.050142804000188 ], [ 24.62634078300016, 48.050357667000128 ], [ 24.626003822000087, 48.05091922500003 ], [ 24.625875680000149, 48.051181516000156 ], [ 24.625835300000176, 48.051428799000121 ], [ 24.625847761000045, 48.051744310000174 ], [ 24.625911066000015, 48.052270901000156 ], [ 24.625879914000109, 48.052461662000042 ], [ 24.625810380000075, 48.052756854000108 ], [ 24.625693923000085, 48.053012852000165 ], [ 24.625528084000166, 48.053179426000099 ], [ 24.625329476000047, 48.053350744000056 ], [ 24.625091175000136, 48.053569197000115 ], [ 24.624913792000143, 48.053806421000161 ], [ 24.624791406000099, 48.054033384000036 ], [ 24.624767325000164, 48.05424611400008 ], [ 24.624653471000158, 48.0546167010001 ], [ 24.624392080000121, 48.054976456000077 ], [ 24.624053603999982, 48.055416349000154 ], [ 24.62335209400004, 48.056315781000137 ], [ 24.623094296000033, 48.056718696000189 ], [ 24.622691410000073, 48.057161007000104 ], [ 24.622415130000149, 48.057676963000176 ], [ 24.622067529999981, 48.058237730000087 ], [ 24.62178025500009, 48.058559828999989 ], [ 24.621580752000057, 48.058866924000085 ], [ 24.621486343000129, 48.059053039000162 ], [ 24.621467008000025, 48.059301866000055 ], [ 24.621504841000046, 48.059461944000134 ], [ 24.621584977000111, 48.059689477000063 ], [ 24.621675800999981, 48.059982145000106 ], [ 24.621695307000039, 48.060319625000147 ], [ 24.62167150099998, 48.060661074000052 ], [ 24.621696633000113, 48.060898868000038 ], [ 24.621657521000088, 48.061203442000192 ], [ 24.62156440900003, 48.061446852000074 ], [ 24.621306566000101, 48.061849761000076 ], [ 24.620987869000089, 48.06237539000017 ], [ 24.620866832000104, 48.062778853000054 ], [ 24.619712267000068, 48.064839030000087 ], [ 24.619362817000138, 48.065278530000171 ], [ 24.618409888000031, 48.065410679000195 ], [ 24.61743862700007, 48.065696814000148 ], [ 24.617182368999977, 48.06582073300018 ], [ 24.616318633000105, 48.066207422000105 ], [ 24.615727935000109, 48.066503634000128 ], [ 24.615211467000165, 48.066835090000041 ], [ 24.614872480000088, 48.067114048000178 ], [ 24.614420492000193, 48.067485990000023 ], [ 24.61384875300007, 48.067992125999979 ], [ 24.613442596000084, 48.068355517000157 ], [ 24.613092878000145, 48.068645598000046 ], [ 24.612723661000018, 48.068946160000053 ], [ 24.612231684999983, 48.069344946 ], [ 24.611926324000081, 48.069570584000019 ], [ 24.611574644000086, 48.069882238000048 ], [ 24.610923019999973, 48.070387253000035 ], [ 24.610643311000047, 48.070662217000063 ], [ 24.610484520000114, 48.07089363900019 ], [ 24.61032127600015, 48.071239133000176 ], [ 24.610141890000023, 48.071738328000151 ], [ 24.610026869000023, 48.071994406000044 ], [ 24.609882182000035, 48.072316813000157 ], [ 24.609817036000152, 48.072431091 ], [ 24.609474406000061, 48.072873024000103 ], [ 24.609066293000126, 48.073367340000118 ], [ 24.608598863000168, 48.07387635800012 ], [ 24.608014349000143, 48.074405361000117 ], [ 24.607247265000069, 48.075006731000144 ], [ 24.606504686000164, 48.075371565000125 ], [ 24.605305083000133, 48.07600783200013 ], [ 24.60449244400013, 48.07652742200014 ], [ 24.603932204000159, 48.077101745000107 ], [ 24.603638788000183, 48.077807068000141 ], [ 24.603425903000073, 48.078780483000116 ], [ 24.603092341000036, 48.079947600000139 ], [ 24.602253837000092, 48.081482717000029 ], [ 24.60087769900008, 48.083693249000135 ], [ 24.600023219000093, 48.08510800900018 ], [ 24.598296570000116, 48.086851789000036 ], [ 24.597433106000096, 48.087670034000155 ], [ 24.596464724999976, 48.088802297000086 ], [ 24.595670111000175, 48.089959269000076 ], [ 24.595231296000179, 48.090248695000071 ], [ 24.593537130000129, 48.09060054300005 ], [ 24.591140480000092, 48.09122234300014 ], [ 24.588942396000107, 48.091501230000063 ], [ 24.586888337000062, 48.091807417000041 ], [ 24.586825084000111, 48.091824483000039 ], [ 24.586028907000014, 48.092123270000172 ], [ 24.585074869000152, 48.092624910000097 ], [ 24.584521642000084, 48.09305359300015 ], [ 24.584558093, 48.093063463000078 ], [ 24.584070495000162, 48.09343266500008 ], [ 24.583500977000142, 48.093867323000154 ], [ 24.583089472000097, 48.09420638500012 ], [ 24.58271922800003, 48.094727241000044 ], [ 24.58226914800008, 48.095409041000153 ], [ 24.581772135000051, 48.09605162500003 ], [ 24.581255597000165, 48.096704683999974 ], [ 24.580768239000122, 48.097288394000145 ], [ 24.580456186000163, 48.097563285000092 ], [ 24.579896124000186, 48.097831788000178 ], [ 24.578867737999985, 48.0983517250001 ], [ 24.577359377000164, 48.099193724000031 ], [ 24.576212055000099, 48.099895526000012 ], [ 24.575078677000135, 48.100836683000182 ], [ 24.574525260000087, 48.101226748000045 ], [ 24.573991614000136, 48.101555459000167 ], [ 24.573717057000067, 48.101694239000096 ], [ 24.572649192000085, 48.102301774000182 ], [ 24.571788822000144, 48.102686291000111 ], [ 24.570904969000082, 48.103040466000039 ], [ 24.569547940000177, 48.103588474000048 ], [ 24.568445461000181, 48.104059943999971 ], [ 24.567542846000038, 48.104441308000105 ], [ 24.566396497000085, 48.104833248000034 ], [ 24.565223468000113, 48.105127870000047 ], [ 24.563953450000042, 48.105319972000132 ], [ 24.563145761000101, 48.105384182000137 ], [ 24.561964508000131, 48.105296821000081 ], [ 24.560844569000096, 48.10519394500011 ], [ 24.560230079000064, 48.10518902400014 ], [ 24.5596980790001, 48.105178268000145 ], [ 24.559162645000015, 48.105253057000027 ], [ 24.558758554000065, 48.105437663000032 ], [ 24.558307733000163, 48.105776113000161 ], [ 24.557831150000084, 48.106141256000058 ], [ 24.557580591000033, 48.106365820000178 ], [ 24.557295010000132, 48.106737945000134 ], [ 24.557087975000172, 48.107151632000182 ], [ 24.55698052200006, 48.107544088000168 ], [ 24.55699175400008, 48.107747167000184 ], [ 24.55700155400018, 48.107784833999972 ], [ 24.55703133500009, 48.108012608000195 ], [ 24.557119501000102, 48.10831943900007 ], [ 24.557285055000136, 48.108674898000118 ], [ 24.55768038500014, 48.109126011 ], [ 24.557894225000041, 48.109322180000163 ], [ 24.558149555000057, 48.109582586000045 ], [ 24.558491980000042, 48.109836728000118 ], [ 24.558686741000088, 48.110079943000073 ], [ 24.558774859000096, 48.110322417000077 ], [ 24.558824402000027, 48.110669290000089 ], [ 24.558751972000096, 48.110914186000116 ], [ 24.558582278000074, 48.111166186000162 ], [ 24.558440790000077, 48.111506075000136 ], [ 24.558422381000071, 48.111876521000056 ], [ 24.558423902000129, 48.112255591000178 ], [ 24.55831883400009, 48.112698277 ], [ 24.558150414000011, 48.113071923000177 ], [ 24.5579921960001, 48.11333780300015 ], [ 24.557861296999988, 48.11346523900005 ], [ 24.55756395700007, 48.113843645000088 ], [ 24.557290041000158, 48.114209484000071 ], [ 24.556829856000036, 48.114668790000053 ], [ 24.555576227000131, 48.116141687000152 ], [ 24.555333020000148, 48.116481303 ], [ 24.555077477000054, 48.116897356000095 ], [ 24.554998585000135, 48.117159648000097 ], [ 24.55501630200007, 48.117321838 ], [ 24.555049703000066, 48.117550732000154 ], [ 24.555129003000047, 48.117771107000181 ], [ 24.555155511000123, 48.117933948000029 ], [ 24.555115350000108, 48.117962457000033 ], [ 24.554645789000062, 48.117973346000099 ], [ 24.554444869000122, 48.117974620000041 ], [ 24.553810879000082, 48.117946948000053 ], [ 24.55304437000018, 48.117976003000081 ], [ 24.552510755000128, 48.118060431000117 ], [ 24.552259197000126, 48.118118073000119 ], [ 24.552095953000105, 48.118201322000118 ], [ 24.551916344000063, 48.118340559000046 ], [ 24.55171800200003, 48.11850701000003 ], [ 24.551454061000129, 48.118725805000111 ], [ 24.55102444, 48.118913262000092 ], [ 24.550521375000017, 48.119114346000174 ], [ 24.549871455000073, 48.119385587000181 ], [ 24.549328549000109, 48.119612315000097 ], [ 24.548900438000146, 48.119747442000175 ], [ 24.548479298000075, 48.119797282000036 ], [ 24.548058905000062, 48.119799507000153 ], [ 24.547373627000184, 48.119796054000119 ], [ 24.546499050000023, 48.119767598000067 ], [ 24.545092561000104, 48.119813530000158 ], [ 24.543877167000062, 48.119930810000085 ], [ 24.543131782000103, 48.12004716600012 ], [ 24.542034369000191, 48.120301882000035 ], [ 24.541706709000096, 48.120399137000163 ], [ 24.540736342000173, 48.120648952000181 ], [ 24.539931288000162, 48.120996819000084 ], [ 24.539046500000154, 48.121310167000047 ], [ 24.538255480000089, 48.121637613000132 ], [ 24.537651944000061, 48.121864557000094 ], [ 24.536969880000129, 48.122114273000136 ], [ 24.536439943000062, 48.122273446000122 ], [ 24.536052369000117, 48.122460029000194 ], [ 24.535543704000077, 48.122565296000062 ], [ 24.534761942000046, 48.122707499000057 ], [ 24.534126676000028, 48.122803366000085 ], [ 24.533249960000148, 48.122938513000122 ], [ 24.532367393000072, 48.123108971000022 ], [ 24.531687605000116, 48.123280172000079 ], [ 24.531103667000139, 48.123527651000018 ], [ 24.530773804000091, 48.123827261000145 ], [ 24.530720778000159, 48.124147468000103 ], [ 24.530903044000127, 48.124754994000057 ], [ 24.530996509000147, 48.125191014999984 ], [ 24.53109063, 48.126170433000027 ], [ 24.531177620000108, 48.126870463000046 ], [ 24.531242183000018, 48.12712551300018 ], [ 24.531425255999977, 48.127696821000029 ], [ 24.531791365000174, 48.128710727000055 ], [ 24.53193737700019, 48.12940423900011 ], [ 24.532001620000074, 48.130687284000089 ], [ 24.531880318000162, 48.132451540000091 ], [ 24.531502993000117, 48.13375553100002 ], [ 24.53112347300015, 48.134269323000126 ], [ 24.530648820000067, 48.134813260000101 ], [ 24.530093230000091, 48.135265383000103 ], [ 24.529387558000167, 48.13572066200004 ], [ 24.52855058199998, 48.136259141000096 ], [ 24.52833957100006, 48.136372178000101 ], [ 24.527645575000179, 48.136756812000101 ], [ 24.527055907000033, 48.137091987000076 ], [ 24.526731198999983, 48.137375334000126 ], [ 24.526483868000071, 48.137642975000176 ], [ 24.526122826, 48.138016576000098 ], [ 24.525733661000061, 48.138495340000077 ], [ 24.525058431000161, 48.139153062000162 ], [ 24.524754829000074, 48.139566677000175 ], [ 24.524588386000062, 48.139861774000167 ], [ 24.52452513999998, 48.140243190000092 ], [ 24.524425607000012, 48.140972274000035 ], [ 24.524306089000106, 48.141435313000045 ], [ 24.524089245000084, 48.141905423000082 ], [ 24.523925164000104, 48.142379452000114 ], [ 24.52381736100017, 48.142836211000144 ], [ 24.523665019000134, 48.143432667000127 ], [ 24.523529912000072, 48.143803978000051 ], [ 24.523122312999988, 48.144214033000139 ], [ 24.522073372000023, 48.144810085000074 ], [ 24.519480097000098, 48.145729158000165 ], [ 24.517965047000132, 48.146360169000047 ], [ 24.516639937000093, 48.147005282000066 ], [ 24.515584515, 48.147570331000168 ], [ 24.514693249000175, 48.148176180000121 ], [ 24.513771462000022, 48.148965660000101 ], [ 24.512670664000041, 48.149902780000161 ], [ 24.512047049000046, 48.150341338000032 ], [ 24.511630707000052, 48.150489122000181 ], [ 24.510968084000069, 48.15061858200005 ], [ 24.50982658200013, 48.150736239000139 ], [ 24.50793443200007, 48.151298540000028 ], [ 24.505410839000035, 48.152123647000167 ], [ 24.504816567000091, 48.152377332000071 ], [ 24.504425534000177, 48.152801071000056 ], [ 24.504118538000171, 48.153254901000139 ], [ 24.503893651000112, 48.153643340000031 ], [ 24.503420370000129, 48.154561475000094 ], [ 24.502833563000138, 48.155947843000035 ], [ 24.502064518, 48.157208812000192 ], [ 24.501371045000099, 48.158145397000112 ], [ 24.500581728999975, 48.159269490000156 ], [ 24.500239465999982, 48.159720683000103 ], [ 24.500209325000071, 48.159901799000124 ], [ 24.500178738000159, 48.160085594000179 ], [ 24.500231410000026, 48.160411284000133 ], [ 24.500694483000075, 48.161160814000141 ], [ 24.500986757000135, 48.161590631000081 ], [ 24.50110917100011, 48.161801362 ], [ 24.501362766000057, 48.162077892000184 ], [ 24.501868213000023, 48.162438970000039 ], [ 24.502913926000133, 48.163219967000089 ], [ 24.504092081000181, 48.164393574000087 ], [ 24.50414633000014, 48.164475963000086 ], [ 24.505759058000024, 48.168061003000048 ], [ 24.506805512000085, 48.168430114000103 ], [ 24.51509973400016, 48.171385341000132 ], [ 24.516674266000052, 48.17211313700011 ], [ 24.517467970000155, 48.172741384000176 ], [ 24.517671244000098, 48.173032058000047 ], [ 24.520272163000072, 48.176750844000082 ], [ 24.519468739000047, 48.177550887999985 ], [ 24.516970019000098, 48.180039110000166 ], [ 24.515442980000103, 48.181559732000039 ], [ 24.51497316200016, 48.182027576000053 ], [ 24.51356087500011, 48.183094385000118 ], [ 24.511329573000012, 48.18534174399997 ], [ 24.510956866000186, 48.185718679000161 ], [ 24.510973611000054, 48.185944389000042 ], [ 24.511166477000017, 48.186059248000049 ], [ 24.511926113000186, 48.186406278000163 ], [ 24.516026603000171, 48.187715701000059 ], [ 24.517153858000086, 48.188575659000151 ], [ 24.518723142999988, 48.189782080000043 ], [ 24.519015842000158, 48.190014725000026 ], [ 24.519069504000129, 48.190058882000187 ], [ 24.519121428000176, 48.1901126570001 ], [ 24.519376130000126, 48.190381077000097 ], [ 24.520559407000064, 48.191319521000139 ], [ 24.520760886000119, 48.191441575000113 ], [ 24.520859054000084, 48.191527123000071 ], [ 24.521197394000183, 48.191830369000115 ], [ 24.521228958000108, 48.191858659000161 ], [ 24.521670979000191, 48.192438206000077 ], [ 24.521877767999968, 48.192709329000195 ], [ 24.522565842000063, 48.193529195000167 ], [ 24.523033546000022, 48.194145473 ], [ 24.523689885000067, 48.194537598000068 ], [ 24.5238747410001, 48.194648039000015 ], [ 24.524632119000046, 48.195059220000019 ], [ 24.524751626000068, 48.195103584000151 ], [ 24.52510476599997, 48.195234680000169 ], [ 24.525715898000101, 48.195488587000114 ], [ 24.525289287000078, 48.196016963000147 ], [ 24.52488630300013, 48.196618650000119 ], [ 24.524293542, 48.197396918000038 ], [ 24.523849443000131, 48.197816790000104 ], [ 24.523170564, 48.1984694840001 ], [ 24.522589492000066, 48.199177109000118 ], [ 24.522397522000176, 48.199333853000155 ], [ 24.520905564000032, 48.200245721000101 ], [ 24.520684465000102, 48.200503391000098 ], [ 24.520700107000152, 48.200730981000106 ], [ 24.520907495000074, 48.200877480000031 ], [ 24.521503244000087, 48.201027011000065 ], [ 24.522043599000085, 48.2010671540001 ], [ 24.523113841, 48.201277745000027 ], [ 24.524045177000175, 48.201573347000135 ], [ 24.524675210000169, 48.201965739000116 ], [ 24.525203630000192, 48.202620928000044 ], [ 24.525457905000167, 48.203156002000128 ], [ 24.525780789000066, 48.203895013000079 ], [ 24.526361999000187, 48.205225233000135 ], [ 24.527138956999977, 48.207201598000154 ], [ 24.527602380000076, 48.208126635000042 ], [ 24.527623371000118, 48.20818536400003 ], [ 24.528790884000159, 48.210438664000151 ], [ 24.529055123000091, 48.210808362000193 ], [ 24.529399975000047, 48.211290836000103 ], [ 24.52965276000009, 48.211498460000087 ], [ 24.530823122000072, 48.212181178000094 ], [ 24.531386784000176, 48.212491143000022 ], [ 24.531995456000118, 48.212744858000178 ], [ 24.532957394000107, 48.213072446000069 ], [ 24.534003495000093, 48.213376477000111 ], [ 24.534850936000112, 48.213534673000083 ], [ 24.535479174000045, 48.213617020000015 ], [ 24.536039878000054, 48.213622851000082 ], [ 24.53681569500003, 48.213604794999981 ], [ 24.537072872000124, 48.213618885000074 ], [ 24.53718066700003, 48.213624834000143 ], [ 24.537288758000045, 48.213630986000112 ], [ 24.537638479000066, 48.213650889000064 ], [ 24.539332150000178, 48.213855040000169 ], [ 24.540726090000021, 48.214158574000066 ], [ 24.541697299000191, 48.214430763000109 ], [ 24.54318067700018, 48.21488975300008 ], [ 24.543448012000169, 48.214965717000155 ], [ 24.543772886000056, 48.215058366999983 ], [ 24.543995200000154, 48.215129853000064 ], [ 24.54493260400011, 48.215500358000099 ], [ 24.545310035000171, 48.21571899300011 ], [ 24.545432247000122, 48.215928255000051 ], [ 24.545369699000105, 48.216133365000132 ], [ 24.545181916000104, 48.216405468000175 ], [ 24.543862499999989, 48.217823592000116 ], [ 24.543159764000109, 48.218705836000083 ], [ 24.541511664000041, 48.220986224000114 ], [ 24.539525662000187, 48.223967280000011 ], [ 24.538790170000084, 48.224973627000054 ], [ 24.538310523000121, 48.225573053000119 ], [ 24.537760953000088, 48.226047135000101 ], [ 24.537070424000092, 48.226510763000078 ], [ 24.535966470000062, 48.227143940000133 ], [ 24.534967399000038, 48.227660945000025 ], [ 24.534610134000104, 48.227815703000033 ], [ 24.533783506000077, 48.228173766999987 ], [ 24.533383536000031, 48.228332810000097 ], [ 24.530709488000127, 48.230111599000111 ], [ 24.527066610000134, 48.232281898000167 ], [ 24.523577658000136, 48.234558598000092 ], [ 24.522535961000187, 48.235039074000042 ], [ 24.522337024000137, 48.235205441000062 ], [ 24.52216001000005, 48.235411573000079 ], [ 24.521832614000175, 48.235749542000065 ], [ 24.521105788000057, 48.236172246000194 ], [ 24.520133032000047, 48.236614810000049 ], [ 24.519204146999982, 48.23687948200012 ], [ 24.518225409000024, 48.237109338000096 ], [ 24.516946497000106, 48.237403621000055 ], [ 24.516583422000167, 48.237487815000065 ], [ 24.513716712000075, 48.238152578000097 ], [ 24.513585400000068, 48.238183029000027 ], [ 24.51263021699998, 48.238365345000034 ], [ 24.509084924000035, 48.238682235000113 ], [ 24.50782550800011, 48.23878875000014 ], [ 24.507038305000037, 48.239016195000033 ], [ 24.506511856000088, 48.239348844000119 ], [ 24.505336774000057, 48.239976441000124 ], [ 24.503635305000046, 48.240679250000085 ], [ 24.500855189000049, 48.241559136000035 ], [ 24.498161047000053, 48.242162072000042 ], [ 24.497323203, 48.242294535000042 ], [ 24.49463208800006, 48.242445139000097 ], [ 24.494152461000056, 48.242526149000014 ], [ 24.492979794000121, 48.242753373000028 ], [ 24.491835251000168, 48.24306848700013 ], [ 24.490820031, 48.243250221999972 ], [ 24.489588716000185, 48.243315728000084 ], [ 24.48860653700018, 48.243299693000097 ], [ 24.487643248000154, 48.243170650000138 ], [ 24.486884344000089, 48.243099746000155 ], [ 24.486130057000082, 48.243129289000194 ], [ 24.48541795400007, 48.243290683000055 ], [ 24.485267428000043, 48.243418765000172 ], [ 24.484781767000072, 48.243950730000051 ], [ 24.484566392000147, 48.244328428000188 ], [ 24.484413516000075, 48.244560043000092 ], [ 24.483919147000108, 48.245595734000062 ], [ 24.483504390000178, 48.246923385000059 ], [ 24.483535772000096, 48.247859081000058 ], [ 24.483606161000182, 48.248097376000146 ], [ 24.483635929000172, 48.248198150000121 ], [ 24.483679048000056, 48.248344116000112 ], [ 24.483710563000102, 48.248450796000043 ], [ 24.483912130000192, 48.248994019000122 ], [ 24.484021420000147, 48.249146118000056 ], [ 24.484698746000049, 48.250696206000043 ], [ 24.484945111000116, 48.251143617000025 ], [ 24.485230760000036, 48.251462866000054 ], [ 24.485494944000038, 48.251697089000174 ], [ 24.486197600000082, 48.252190452000036 ], [ 24.486812234000126, 48.252569988000175 ], [ 24.487144873000034, 48.25292848800018 ], [ 24.487318708000146, 48.253489659000138 ], [ 24.487535134000098, 48.254649884000116 ], [ 24.487657979000062, 48.255302592000135 ], [ 24.487710319000087, 48.255950042000052 ], [ 24.487578521000046, 48.256631430000141 ], [ 24.487344350000114, 48.257522933000075 ], [ 24.48738605900013, 48.258062356000039 ], [ 24.487406403000023, 48.258470224000064 ], [ 24.487438300000065, 48.259109729000102 ], [ 24.487472517000128, 48.259795749000034 ], [ 24.487489407000112, 48.260134251000125 ], [ 24.487677070000132, 48.260423607000121 ], [ 24.488104824000175, 48.261083128000053 ], [ 24.488174658000048, 48.261190801000168 ], [ 24.488349695000068, 48.261559298000179 ], [ 24.488569096000049, 48.262021183000115 ], [ 24.488641498000163, 48.262173598000061 ], [ 24.488655374000075, 48.262350095000158 ], [ 24.488637333999975, 48.262422869000147 ], [ 24.48859530500016, 48.262592405000134 ], [ 24.488537429000132, 48.262825861000067 ], [ 24.488522266000075, 48.262887023000189 ], [ 24.488479056000017, 48.263061320000133 ], [ 24.488177864000136, 48.264276249000034 ], [ 24.488179389000038, 48.264335765000169 ], [ 24.488411447000033, 48.265216265000163 ], [ 24.488396008999985, 48.26565049900006 ], [ 24.488344430000097, 48.265773294000155 ], [ 24.488169113000083, 48.265989038000043 ], [ 24.488033208000104, 48.266161242000123 ], [ 24.487944312000025, 48.266340527000125 ], [ 24.487895954000123, 48.266533560000028 ], [ 24.487872915000082, 48.266671278000047 ], [ 24.487879303000057, 48.266761136000184 ], [ 24.487952619999987, 48.266931066000041 ], [ 24.488041159000147, 48.267170060000069 ], [ 24.488036212000168, 48.267455713000174 ], [ 24.487981973000046, 48.267651884000145 ], [ 24.487888702000021, 48.267786601000012 ], [ 24.487713602000099, 48.267978018000122 ], [ 24.487653481000052, 48.268043742000089 ], [ 24.48739958200008, 48.268284179000148 ], [ 24.487214910999967, 48.268427719000158 ], [ 24.487085551000121, 48.268496727000183 ], [ 24.48691387700012, 48.268562580000037 ], [ 24.486825086000124, 48.268613162000122 ], [ 24.486736266000094, 48.268695920000027 ], [ 24.4866762260001, 48.2687987 ], [ 24.486650847000192, 48.26891836600015 ], [ 24.48667951300007, 48.269067091000124 ], [ 24.486835599000017, 48.269350452000026 ], [ 24.487019819000182, 48.269721718000028 ], [ 24.487073752000128, 48.269879477000188 ], [ 24.487131820000116, 48.270012518000101 ], [ 24.4872604520001, 48.270107917000075 ], [ 24.487555390000182, 48.27023359500015 ], [ 24.487990160000095, 48.270419753000112 ], [ 24.488495386000125, 48.270696970000074 ], [ 24.488728640999966, 48.270849669000143 ], [ 24.488887368000064, 48.270972135000193 ], [ 24.489280045000157, 48.271241712000176 ], [ 24.48996376100007, 48.271764622000092 ], [ 24.490345902000115, 48.272126803000162 ], [ 24.490399820000164, 48.272316736000107 ], [ 24.490417722000018, 48.272465849000127 ], [ 24.490326645000039, 48.272668808000105 ], [ 24.490166578000014, 48.272899994000056 ], [ 24.489881024000056, 48.273241 ], [ 24.48958878500008, 48.273526618000062 ], [ 24.489564630000132, 48.273555036000118 ], [ 24.489515168000139, 48.273658607000073 ], [ 24.489519785000084, 48.273759058999985 ], [ 24.489542072000063, 48.27381792500006 ], [ 24.48967887900011, 48.273992587000123 ], [ 24.489812143000108, 48.274188436000088 ], [ 24.489936519000082, 48.274469429000192 ], [ 24.490045456000132, 48.274938761000101 ], [ 24.490054665000116, 48.275171840000098 ], [ 24.490017093, 48.275324100000091 ], [ 24.489880914000025, 48.275635574000091 ], [ 24.489824964000036, 48.2757124580001 ], [ 24.489707294000027, 48.2758395460001 ], [ 24.489608475000125, 48.275917985000092 ], [ 24.489433233, 48.2760050280001 ], [ 24.489297383000178, 48.276080706000187 ], [ 24.48911679400004, 48.276231704000054 ], [ 24.489015582000036, 48.276356443000168 ], [ 24.488939610000102, 48.276522392000118 ], [ 24.48886240000013, 48.276759754000068 ], [ 24.488818083000126, 48.277024595 ], [ 24.488795573, 48.27722313300012 ], [ 24.488748947999966, 48.277437748000182 ], [ 24.488648211000111, 48.277687657000172 ], [ 24.488569055000085, 48.278128664000178 ], [ 24.488516575, 48.278314241000146 ], [ 24.488465304000158, 48.278460580000058 ], [ 24.488361074000068, 48.278667324000139 ], [ 24.488241506000122, 48.278933705000043 ], [ 24.488240181000094, 48.279101645000082 ], [ 24.488264717000163, 48.279275087000087 ], [ 24.488312074000078, 48.279568216000087 ], [ 24.48831015899998, 48.279739687000131 ], [ 24.48824718000003, 48.279827948000047 ], [ 24.48819247400013, 48.279866772000105 ], [ 24.488081939000153, 48.279887132000169 ], [ 24.487907328000176, 48.279906290000156 ], [ 24.487485194000044, 48.279964193000069 ], [ 24.487049523000167, 48.280038962000106 ], [ 24.486665572000106, 48.280124737 ], [ 24.486435632000052, 48.280218422000019 ], [ 24.486243847000082, 48.280372157000045 ], [ 24.486134373000084, 48.280514154000173 ], [ 24.4860454680001, 48.280661260000102 ], [ 24.48588477100003, 48.280885243000057 ], [ 24.485707610000077, 48.281111573000146 ], [ 24.485385709000127, 48.281466543000192 ], [ 24.485289206000061, 48.281563028000107 ], [ 24.485086301000081, 48.281655152000098 ], [ 24.484727605000046, 48.28174995500018 ], [ 24.484505310000031, 48.281829905000052 ], [ 24.484311833000106, 48.281897704000073 ], [ 24.484125979, 48.281983947000185 ], [ 24.484006535999981, 48.282089446000157 ], [ 24.483927644000062, 48.282208695000122 ], [ 24.483864591000042, 48.282361304000062 ], [ 24.483855003000144, 48.282546503000049 ], [ 24.483843081000032, 48.282713652000098 ], [ 24.483787683000116, 48.282852531000117 ], [ 24.483683455000175, 48.283027095000193 ], [ 24.483606957000063, 48.283100044000093 ], [ 24.483458755000072, 48.283153342000048 ], [ 24.483201192000138, 48.283219933000169 ], [ 24.482914218000019, 48.283302205000041 ], [ 24.482644857000025, 48.28340724300017 ], [ 24.48231075800004, 48.283578955000166 ], [ 24.481914977000031, 48.283703160000073 ], [ 24.481531024000162, 48.283756741000161 ], [ 24.481101230000149, 48.283796173000042 ], [ 24.480940467000039, 48.283782552000048 ], [ 24.480793186000028, 48.283745239000098 ], [ 24.480734145000042, 48.283730281000089 ], [ 24.480644837000114, 48.283707656000104 ], [ 24.480027429000188, 48.283522968000057 ], [ 24.479672468000047, 48.283403517000067 ], [ 24.479497947000084, 48.283326135000038 ], [ 24.47931649800006, 48.283130252000092 ], [ 24.479102193000188, 48.282874710000101 ], [ 24.47897410600018, 48.282807945000172 ], [ 24.478734326000051, 48.282736416000034 ], [ 24.478362284000184, 48.282655014000056 ], [ 24.478063648000159, 48.282647021000173 ], [ 24.47763393300005, 48.282622091000064 ], [ 24.477167741000187, 48.282623038000054 ], [ 24.476668031000031, 48.282632206000073 ], [ 24.476368767000167, 48.282659915000181 ], [ 24.476098287000184, 48.282707649000031 ], [ 24.475914785999976, 48.282779753000113 ], [ 24.475745306000192, 48.282927986000061 ], [ 24.475592881000068, 48.283070341000041 ], [ 24.47550039000015, 48.283238623999978 ], [ 24.475447189000135, 48.283492072000172 ], [ 24.475377936000143, 48.283864951000055 ], [ 24.475265939000053, 48.284157843000116 ], [ 24.475016053000161, 48.284689777000096 ], [ 24.474669856, 48.285125136000147 ], [ 24.474216100000149, 48.285531009000067 ], [ 24.473707213000012, 48.285818352000092 ], [ 24.47307296200006, 48.286214314000176 ], [ 24.472758241, 48.28636599500004 ], [ 24.472440043000177, 48.286474511000108 ], [ 24.472178384000074, 48.286501443000077 ], [ 24.471852090000084, 48.286498518000087 ], [ 24.471347013000127, 48.28653944000007 ], [ 24.471142920000034, 48.286606424000126 ], [ 24.470883348000086, 48.286844451000036 ], [ 24.470821986000146, 48.287018632000127 ], [ 24.470769308000058, 48.287300720000189 ], [ 24.470621621000191, 48.287861734000046 ], [ 24.470520136, 48.288147326000058 ], [ 24.470238164000136, 48.288423007000063 ], [ 24.469999272000109, 48.288569621000136 ], [ 24.469695150000177, 48.288689907000105 ], [ 24.469374644000084, 48.288748188000056 ], [ 24.468928847000086, 48.288850735000096 ], [ 24.468755261000126, 48.288959323000029 ], [ 24.468708535000133, 48.289173924000124 ], [ 24.468726996000157, 48.289447027000051 ], [ 24.468830882000077, 48.290041142000121 ], [ 24.468797699000049, 48.290238879000185 ], [ 24.468658735000133, 48.290396533000091 ], [ 24.468418728000074, 48.290485855000043 ], [ 24.468024174000107, 48.290506421000146 ], [ 24.467320997000115, 48.290482465000082 ], [ 24.466611981000028, 48.290429466000091 ], [ 24.466101659000117, 48.290405617000147 ], [ 24.465771193000137, 48.290427391000151 ], [ 24.46555416800004, 48.290475521000076 ], [ 24.464635348, 48.290778655999986 ], [ 24.464322353000171, 48.290919717000065 ], [ 24.464191035000113, 48.291063637000036 ], [ 24.464193228000056, 48.291178211000101 ], [ 24.464165362000017, 48.291344166999977 ], [ 24.464061640000182, 48.291515177000122 ], [ 24.46390733200019, 48.291700280000043 ], [ 24.463771126000097, 48.291791614000147 ], [ 24.463577985000029, 48.291835509000123 ], [ 24.462990815000126, 48.29195546700015 ], [ 24.46235757200003, 48.292083895000076 ], [ 24.462004211000192, 48.292140890000098 ], [ 24.461412664000022, 48.292233698000132 ], [ 24.460751021000078, 48.29234509500003 ], [ 24.460322697000151, 48.292396477000182 ], [ 24.460018903000048, 48.29239758600005 ], [ 24.459835607000173, 48.292425585000103 ], [ 24.459700814000144, 48.292457213000091 ], [ 24.459505652000132, 48.29255583000014 ], [ 24.459309835, 48.292764637000118 ], [ 24.45902999700013, 48.293128047000152 ], [ 24.458918450000056, 48.29334018000003 ], [ 24.458901065000134, 48.29349678900013 ], [ 24.458926907000148, 48.293582147000052 ], [ 24.458991940000089, 48.293673416000047 ], [ 24.459194655999966, 48.293769028000156 ], [ 24.45943265000011, 48.29386727900004 ], [ 24.459701431000099, 48.294021462000103 ], [ 24.459865373000127, 48.294161843000097 ], [ 24.459945040999969, 48.294298898000136 ], [ 24.459998626000072, 48.294511467000063 ], [ 24.460144910999986, 48.294996141000183 ], [ 24.460182877000136, 48.295168809000074 ], [ 24.460173779000058, 48.295355833000087 ], [ 24.460115897000094, 48.295726912000134 ], [ 24.460057918000189, 48.29583281400005 ], [ 24.459924973000113, 48.295933107000053 ], [ 24.459806741000079, 48.296025563000114 ], [ 24.459672232000059, 48.296188307000079 ], [ 24.459584786000107, 48.296336695999969 ], [ 24.459534864000091, 48.296492420000106 ], [ 24.459453468000106, 48.296657946000096 ], [ 24.459223806000068, 48.296876735000183 ], [ 24.458833016000085, 48.297097769000175 ], [ 24.458385843000144, 48.297271679000175 ], [ 24.458055086, 48.29745429899998 ], [ 24.457857165000064, 48.297675460999983 ], [ 24.457707413000094, 48.29792882900017 ], [ 24.457521160000056, 48.298208068000122 ], [ 24.4571750610001, 48.298418140000081 ], [ 24.456536177000032, 48.298584847000086 ], [ 24.455860889000121, 48.298713072000169 ], [ 24.453558854000164, 48.298955488000104 ], [ 24.451734257000055, 48.299226459000067 ], [ 24.451391907000186, 48.299286630000154 ], [ 24.451136602000076, 48.299339018000069 ], [ 24.450855270000091, 48.299482414000011 ], [ 24.449876911000047, 48.300074153000025 ], [ 24.44954016600019, 48.300292053000135 ], [ 24.449372871000094, 48.300458289000062 ], [ 24.449051458000042, 48.300648734000049 ], [ 24.448666649000131, 48.300770073000081 ], [ 24.44830538400015, 48.300878873000045 ], [ 24.447465012000066, 48.301223504 ], [ 24.446333698000103, 48.301866808000113 ], [ 24.446281801000111, 48.301903257000049 ], [ 24.44586198200011, 48.302176806000034 ], [ 24.445830090000129, 48.302192395000191 ], [ 24.445684050000125, 48.302294056000164 ], [ 24.445447503000025, 48.302478933000089 ], [ 24.445345336, 48.302608332000034 ], [ 24.445304813000121, 48.302795980000099 ], [ 24.445223477000127, 48.303332146000059 ], [ 24.445141630000023, 48.303606081000055 ], [ 24.444890116000181, 48.303932849000091 ], [ 24.444220771000118, 48.304407069000092 ], [ 24.444105909000029, 48.304505721000055 ], [ 24.443985995000048, 48.304687418000128 ], [ 24.443866079000088, 48.30486911600002 ], [ 24.443674509000061, 48.305105031000096 ], [ 24.443413362000058, 48.305329773000039 ], [ 24.442430698000067, 48.30612611500004 ], [ 24.441670908000106, 48.306712719000075 ], [ 24.441426596000156, 48.306837417000111 ], [ 24.440991097000051, 48.306983533000107 ], [ 24.440599700000121, 48.307132955000043 ], [ 24.440386702000069, 48.307283833999975 ], [ 24.43997229200005, 48.307675844000073 ], [ 24.439634598, 48.307930591000115 ], [ 24.439512778000051, 48.308070429000168 ], [ 24.439486997000131, 48.308223428000133 ], [ 24.439488568, 48.30842614900007 ], [ 24.439512636000075, 48.308654393000154 ], [ 24.439713500000153, 48.309211717999972 ], [ 24.440077251000162, 48.310476263000055 ], [ 24.440087167000058, 48.310652004000133 ], [ 24.440066718000082, 48.311091431000193 ], [ 24.440066204, 48.311359544000084 ], [ 24.440006127000117, 48.311504013000047 ], [ 24.439829385000053, 48.311651651000147 ], [ 24.439712514000064, 48.311762066000142 ], [ 24.439686834000099, 48.311861442 ], [ 24.439660058000186, 48.312020326000038 ], [ 24.43959204600003, 48.312211870000056 ], [ 24.439469326, 48.312303970000073 ], [ 24.439288820000172, 48.312367900000027 ], [ 24.439034869000068, 48.312390569 ], [ 24.438690821000023, 48.31236476700019 ], [ 24.438346774000024, 48.312338965000038 ], [ 24.438056544000176, 48.312364869000191 ], [ 24.43766034700019, 48.312436455000068 ], [ 24.437528802000031, 48.312527891000173 ], [ 24.437509955000166, 48.312639697 ], [ 24.437823507000189, 48.313217396000141 ], [ 24.437870170000053, 48.313417541000092 ], [ 24.437814938000088, 48.313586207000185 ], [ 24.437711734000061, 48.313721481000186 ], [ 24.437440911000124, 48.313844183000015 ], [ 24.436985818000039, 48.313947103000032 ], [ 24.436435739000103, 48.313959335000163 ], [ 24.434866394000039, 48.313660458000186 ], [ 24.433210524000174, 48.313243075000059 ], [ 24.431853430000103, 48.313073688000145 ], [ 24.431443818000162, 48.313138766000179 ], [ 24.431123494000133, 48.313300641000183 ], [ 24.430759758000079, 48.313592738000125 ], [ 24.43016673, 48.314015402000052 ], [ 24.429271624000023, 48.314491660000044 ], [ 24.428717038000173, 48.314898134000089 ], [ 24.428275180000185, 48.315398880000146 ], [ 24.428122533000078, 48.31562577699998 ], [ 24.428099492000058, 48.315762294000194 ], [ 24.428156376000118, 48.315933417000053 ], [ 24.428243875000192, 48.316092536000156 ], [ 24.428439345000186, 48.316374175000135 ], [ 24.428602799000032, 48.316591436000067 ], [ 24.428616637000118, 48.316721188000145 ], [ 24.428593597000145, 48.316857706000064 ], [ 24.428501725, 48.316998464000164 ], [ 24.42847791700018, 48.317034940000156 ], [ 24.428131853000139, 48.317476138000075 ], [ 24.427988360000086, 48.317818134000106 ], [ 24.427844957000048, 48.318125906000034 ], [ 24.427752446999989, 48.318241859000125 ], [ 24.427519613000129, 48.318456775000129 ], [ 24.427015030000177, 48.31874662700011 ], [ 24.4267609260001, 48.31882288700001 ], [ 24.426467676000186, 48.31886641300008 ], [ 24.426170571000057, 48.318879853000112 ], [ 24.425829233000059, 48.318943601000058 ], [ 24.42550641400004, 48.31905641100019 ], [ 24.425274801000171, 48.319158194000181 ], [ 24.425237989000152, 48.319191067000133 ], [ 24.425153906000048, 48.319292128000029 ], [ 24.425037499000098, 48.319611128000133 ], [ 24.424941716000035, 48.319913799000062 ], [ 24.424941988000057, 48.320229645000097 ], [ 24.42491591300012, 48.320489881000128 ], [ 24.424894887, 48.320536142000151 ], [ 24.424851924999984, 48.320604254000102 ], [ 24.424670138000124, 48.32078128600017 ], [ 24.423995529000024, 48.321231164000096 ], [ 24.423850143999971, 48.321351339000159 ], [ 24.423761428000091, 48.321559198000045 ], [ 24.42370540700017, 48.322049584000126 ], [ 24.423659829000144, 48.322689729000047 ], [ 24.423581921000107, 48.322886482000058 ], [ 24.423388438000131, 48.323026879000054 ], [ 24.423205887000051, 48.323102549000112 ], [ 24.422871353000062, 48.323178718000122 ], [ 24.422020971000052, 48.32329359300013 ], [ 24.420295591000126, 48.323563187000047 ], [ 24.419655836000061, 48.323753464000049 ], [ 24.419540430000097, 48.323821934000193 ], [ 24.419374032000178, 48.323885548000135 ], [ 24.418670009000095, 48.324297430000115 ], [ 24.418048368000086, 48.32469762400018 ], [ 24.417786861000025, 48.324907790000168 ], [ 24.417048266000108, 48.325486492000095 ], [ 24.41677322400011, 48.325686295000025 ], [ 24.416486113000076, 48.326010330000088 ], [ 24.416186063999987, 48.326410858000031 ], [ 24.415873076000025, 48.326887880000072 ], [ 24.415725272000088, 48.327180675000193 ], [ 24.415594983000062, 48.327528418000099 ], [ 24.415583201000118, 48.327585796000051 ], [ 24.415591764000055, 48.328059003000021 ], [ 24.415675686000043, 48.3283871000001 ], [ 24.415841933000024, 48.328735688000165 ], [ 24.416135248000046, 48.329093831000023 ], [ 24.41686074200004, 48.32981340300006 ], [ 24.417460223000035, 48.330580703000123 ], [ 24.417604114000085, 48.330934759000115 ], [ 24.41756814300004, 48.331210936000161 ], [ 24.417516806000151, 48.33151456100012 ], [ 24.417371512000045, 48.331739615000117 ], [ 24.416997867000134, 48.331983254000136 ], [ 24.416478509000115, 48.332137279000165 ], [ 24.415686208000068, 48.332256476000168 ], [ 24.414646921000099, 48.332314189000044 ], [ 24.413867914000036, 48.332291357000088 ], [ 24.413180791000116, 48.332232526000155 ], [ 24.412598532000175, 48.332124372000067 ], [ 24.411977340000135, 48.332056191 ], [ 24.411277245, 48.33201067400006 ], [ 24.410285965000071, 48.332164919000149 ], [ 24.409395794000034, 48.332355368000151 ], [ 24.407632859000103, 48.332823363000102 ], [ 24.406366079000122, 48.333229362000168 ], [ 24.404549308000128, 48.333881884000164 ], [ 24.404489049000063, 48.333917733000192 ], [ 24.404195123000079, 48.33409265 ], [ 24.404159479000157, 48.334114207000141 ], [ 24.404117617000054, 48.33414073900019 ], [ 24.404075173000081, 48.334171888000185 ], [ 24.403815597000118, 48.334362905000091 ], [ 24.403769171000192, 48.334431169000084 ], [ 24.403597594000075, 48.334745343000122 ], [ 24.403521139000077, 48.334828337000033 ], [ 24.403439516000162, 48.334916467000085 ], [ 24.40327338100019, 48.335092051 ], [ 24.403211790000171, 48.33515714300006 ], [ 24.403172471000175, 48.335184661000028 ], [ 24.40278972700014, 48.335376795000116 ], [ 24.402715484000112, 48.335413132000042 ], [ 24.402637168000012, 48.335450396999988 ], [ 24.402404755000077, 48.335488246000011 ], [ 24.402022881999983, 48.335502023 ], [ 24.4019090110001, 48.335502328000132 ], [ 24.401795138000182, 48.335500005000029 ], [ 24.401572329000146, 48.335419867000155 ], [ 24.40123219700007, 48.335254833000192 ], [ 24.400669194999978, 48.335004833000085 ], [ 24.40022043099998, 48.334768109000038 ], [ 24.399941868000155, 48.334621168000069 ], [ 24.399858769000105, 48.334577334000187 ], [ 24.399778597000022, 48.33453706500012 ], [ 24.399398782000162, 48.334352018000175 ], [ 24.399128690000168, 48.334221880000086 ], [ 24.398855658000116, 48.334090325000091 ], [ 24.398512196000127, 48.333924834000186 ], [ 24.398250583999982, 48.333853662000138 ], [ 24.398110973000087, 48.333871354 ], [ 24.397828929000184, 48.333919116000061 ], [ 24.397670135, 48.333946006000133 ], [ 24.396672952000188, 48.33414563600013 ], [ 24.39663413400018, 48.334153805000028 ], [ 24.396090231000017, 48.334214242000144 ], [ 24.39382144700005, 48.334691572 ], [ 24.393367536000085, 48.334838507000029 ], [ 24.393068936000077, 48.334997150000106 ], [ 24.392674190000093, 48.335301095000091 ], [ 24.392309024000099, 48.335683545000109 ], [ 24.392215570000189, 48.335981603000107 ], [ 24.392154892000121, 48.33633933800013 ], [ 24.392089423000129, 48.33672531600007 ], [ 24.391983190000133, 48.337098685000171 ], [ 24.391840982000076, 48.33743120400004 ], [ 24.391778702000067, 48.337798353000153 ], [ 24.391881071000114, 48.338206521000131 ], [ 24.39205513600001, 48.33878218100017 ], [ 24.392012018, 48.339036362000172 ], [ 24.391825844999971, 48.339375100000098 ], [ 24.391537193999966, 48.33965634600014 ], [ 24.391242263000038, 48.339805376000186 ], [ 24.390423112000178, 48.340215248000163 ], [ 24.390384395000069, 48.340244366000093 ], [ 24.390106784000125, 48.340453144000151 ], [ 24.39005658800005, 48.340536351000026 ], [ 24.390016047000188, 48.340700188000142 ], [ 24.390029534000121, 48.340903358999981 ], [ 24.389960850000136, 48.341179497000098 ], [ 24.389773313000148, 48.341441854000038 ], [ 24.389510633999976, 48.341641336000066 ], [ 24.389012687000104, 48.341794468000103 ], [ 24.387318982000011, 48.341914600999985 ], [ 24.386317155000029, 48.341970088000039 ], [ 24.386260139000058, 48.341966005000188 ], [ 24.386186498000143, 48.34196781900016 ], [ 24.385854140000163, 48.341976005000106 ], [ 24.38580336800004, 48.341990188000125 ], [ 24.385730874000103, 48.342010440000195 ], [ 24.385607140000161, 48.342045005000159 ], [ 24.385420139000018, 48.342220005000058 ], [ 24.385371740000039, 48.342323035000049 ], [ 24.385319139000046, 48.342435005000084 ], [ 24.385321137, 48.342843581000125 ], [ 24.385297192000053, 48.343872481000176 ], [ 24.385227139000051, 48.344411005000154 ], [ 24.385083139000017, 48.344752005000089 ], [ 24.384896140000137, 48.345025005000139 ], [ 24.384679139000184, 48.345220005000101 ], [ 24.384390139000061, 48.34536600500013 ], [ 24.383969140000147, 48.345435006000059 ], [ 24.383288139, 48.345427005000033 ], [ 24.382258139000044, 48.345400005000101 ], [ 24.381975439000144, 48.345418059000167 ], [ 24.381475138000042, 48.345450005000146 ], [ 24.381422084000064, 48.345462609000094 ], [ 24.381308895000018, 48.345489497000187 ], [ 24.380692440000132, 48.345637098000054 ], [ 24.379939140000147, 48.345988005000038 ], [ 24.379390139000066, 48.346281005000151 ], [ 24.378855139000052, 48.346720005000066 ], [ 24.378494139000054, 48.347062005000112 ], [ 24.378045139, 48.347345005000079 ], [ 24.377611141000159, 48.3474720050001 ], [ 24.377104139000153, 48.347590003999983 ], [ 24.376524139000082, 48.347717005000106 ], [ 24.375785139000072, 48.347933005000073 ], [ 24.375427585000125, 48.348105884000063 ], [ 24.37519370300015, 48.348218968000026 ], [ 24.374815141000113, 48.348402005000139 ], [ 24.373874140000112, 48.348861005000117 ], [ 24.373384147000024, 48.349136568000063 ], [ 24.373353141000109, 48.349154005000173 ], [ 24.372398141000133, 48.349672005000059 ], [ 24.37186580700012, 48.34995579100007 ], [ 24.37150641400018, 48.349986276000038 ], [ 24.371257818, 48.350007693000123 ], [ 24.371094142000175, 48.349956005000081 ], [ 24.371021971000118, 48.349911093000117 ], [ 24.370861141000148, 48.349811005 ], [ 24.370690859000092, 48.349764626000194 ], [ 24.370643631000064, 48.349749086000145 ], [ 24.370559941000067, 48.349725641000077 ], [ 24.37048975100015, 48.349705979000191 ], [ 24.370250223000028, 48.349646973000119 ], [ 24.369614985000055, 48.349490483000125 ], [ 24.368676142000083, 48.349249005000047 ], [ 24.368098141000132, 48.349132005000115 ], [ 24.367466142000183, 48.348992005000127 ], [ 24.366996644000039, 48.348960123000154 ], [ 24.36464974, 48.349387213000114 ], [ 24.364106457000105, 48.349492046000194 ], [ 24.363078890000054, 48.34969031900016 ], [ 24.362333443000125, 48.350072259000115 ], [ 24.361613869999985, 48.350386817000071 ], [ 24.361037875000022, 48.350638603999982 ], [ 24.360990565000066, 48.35066244 ], [ 24.3596160620001, 48.351248911000141 ], [ 24.358493855000063, 48.351664538000136 ], [ 24.357787360000145, 48.352032964999978 ], [ 24.357559104000075, 48.352271470000119 ], [ 24.356692405000047, 48.353219315000104 ], [ 24.356445644000132, 48.35354750800019 ], [ 24.355986359000042, 48.35422783100006 ], [ 24.355499531000078, 48.355343996000158 ], [ 24.354953155000032, 48.356452856000033 ], [ 24.35451325300005, 48.356972113000097 ], [ 24.353696082, 48.358175273000029 ], [ 24.353299629000162, 48.35882220700006 ], [ 24.352710871000113, 48.359673872000087 ], [ 24.352452120000123, 48.360016590000043 ], [ 24.352168002000042, 48.360424127999977 ], [ 24.35212753899998, 48.360745242000121 ], [ 24.35213394200008, 48.361127114000055 ], [ 24.352174588000082, 48.361799242000075 ], [ 24.352462392000064, 48.363914508000164 ], [ 24.352397769000163, 48.364154476000124 ], [ 24.352126793000082, 48.364509035000026 ], [ 24.351865842000109, 48.36475925000002 ], [ 24.351822108000022, 48.364871160000064 ], [ 24.351774079000052, 48.364994058000093 ], [ 24.351857949000077, 48.365318975999969 ], [ 24.352068976000055, 48.366084114000046 ], [ 24.352325412000084, 48.366751911000165 ], [ 24.352847380000128, 48.367462623000165 ], [ 24.352998484000011, 48.367663035000078 ], [ 24.353532385000051, 48.368371160000095 ], [ 24.353552747000151, 48.36839860200007 ], [ 24.353826413000036, 48.368767320000188 ], [ 24.35385156100017, 48.368877102000056 ], [ 24.353876525000089, 48.368986085000074 ], [ 24.353911650999976, 48.369248777000166 ], [ 24.35386827300016, 48.369546629000126 ], [ 24.353859599000145, 48.36960620200017 ], [ 24.353850111000042, 48.369671346000018 ], [ 24.353888251, 48.369979741000066 ], [ 24.353958151000086, 48.370227688000057 ], [ 24.354240865000065, 48.370451567000032 ], [ 24.35469995200009, 48.370640538000146 ], [ 24.355107018000069, 48.370801586000141 ], [ 24.355376001000025, 48.37090800500016 ], [ 24.355615311000065, 48.371002682000039 ], [ 24.355672980000179, 48.371030818000065 ], [ 24.355750794000187, 48.371068781000133 ], [ 24.355858929000192, 48.371121538000125 ], [ 24.356485912000096, 48.37165715500015 ], [ 24.35657644500003, 48.371734495000112 ], [ 24.357887026000014, 48.372739652000064 ], [ 24.358155485000111, 48.372971956000129 ], [ 24.358383747000175, 48.373263369000142 ], [ 24.358314892000067, 48.373358986000142 ], [ 24.358277769000097, 48.373409187000163 ], [ 24.35789446900003, 48.373927519000063 ], [ 24.357833905000177, 48.374009418000128 ], [ 24.357790957000134, 48.374067494000144 ], [ 24.357695475000071, 48.374268799000049 ], [ 24.357675935000032, 48.374309996000136 ], [ 24.357506893000107, 48.37466638300009 ], [ 24.357367172000181, 48.374960947000091 ], [ 24.357294397000089, 48.375114370000119 ], [ 24.357151008000073, 48.375416664000056 ], [ 24.356986044999985, 48.375874497000041 ], [ 24.356817337000052, 48.376097409000181 ], [ 24.356565379000187, 48.376430321000157 ], [ 24.355854055000123, 48.377190312999971 ], [ 24.355198837999978, 48.377735956000095 ], [ 24.353893626, 48.378891186000146 ], [ 24.353534965000108, 48.379139095000141 ], [ 24.352602257, 48.379783770000074 ], [ 24.352262317000111, 48.380018733000099 ], [ 24.350976287000151, 48.380907623999974 ], [ 24.349772523000183, 48.381641143000195 ], [ 24.349229046000062, 48.381747358000041 ], [ 24.348184573000083, 48.381503664000093 ], [ 24.345396039000093, 48.381403877000082 ], [ 24.345066785000029, 48.381392094000091 ], [ 24.344986321000135, 48.381389215000127 ], [ 24.344922043000111, 48.381386915000121 ], [ 24.344585884000139, 48.381479982000087 ], [ 24.344453679000083, 48.381520908000084 ], [ 24.34453577000005, 48.381691731000103 ], [ 24.344552888000067, 48.381727355000066 ], [ 24.344711366000183, 48.382276971000067 ], [ 24.344700601999989, 48.382731800000101 ], [ 24.344639402000098, 48.383306502000039 ], [ 24.344071385000063, 48.384410083000148 ], [ 24.344032600000162, 48.384489972000097 ], [ 24.343682014000137, 48.38485452700013 ], [ 24.343368264999981, 48.385180778000063 ], [ 24.342871197000079, 48.385437782000167 ], [ 24.341862333999984, 48.385586266000018 ], [ 24.340991724000105, 48.385714402000133 ], [ 24.340786037000044, 48.385744675000069 ], [ 24.339913708999973, 48.385812982000118 ], [ 24.339105278000147, 48.385894681000082 ], [ 24.33800223500009, 48.386004081000067 ], [ 24.337067558000115, 48.386133396 ], [ 24.336605518000113, 48.386198453000134 ], [ 24.336221019000163, 48.386312298000064 ], [ 24.335929492000105, 48.386447500000088 ], [ 24.335700347000056, 48.386594586000172 ], [ 24.335524982000038, 48.386752546000082 ], [ 24.335355568000068, 48.386878926000065 ], [ 24.335285289000183, 48.386950890000151 ], [ 24.335161966000044, 48.387077170000111 ], [ 24.334821754000131, 48.38742553700007 ], [ 24.33458803700006, 48.387595090000161 ], [ 24.334186308000142, 48.38778832800017 ], [ 24.333636228000103, 48.388054073000035 ], [ 24.333101844999987, 48.388228042000151 ], [ 24.332468172000063, 48.388480284000195 ], [ 24.33177397500009, 48.38883519400008 ], [ 24.33102342400008, 48.389142914000161 ], [ 24.330587106000053, 48.389245656000128 ], [ 24.330327897000188, 48.389254578000134 ], [ 24.330106527000169, 48.38923061700001 ], [ 24.329577134000147, 48.389061695000066 ], [ 24.328999306000128, 48.388924849000148 ], [ 24.328373044000159, 48.388820076000059 ], [ 24.327779510000084, 48.388774994000073 ], [ 24.327296520000061, 48.388774061999982 ], [ 24.326210328000116, 48.388784513000076 ], [ 24.324903982000023, 48.38876392300017 ], [ 24.323909554000181, 48.388802777000137 ], [ 24.323194033, 48.388905726000075 ], [ 24.322114240000133, 48.389066797000169 ], [ 24.320248060000097, 48.389368308000144 ], [ 24.319598249000023, 48.389526287000137 ], [ 24.319254879000027, 48.389650354000025 ], [ 24.318930285000192, 48.389790150000067 ], [ 24.318559372000152, 48.390012237000064 ], [ 24.318290815000069, 48.390263559000061 ], [ 24.317681041000014, 48.39093945400009 ], [ 24.317150285000025, 48.391592751000076 ], [ 24.316776082000047, 48.39227225400009 ], [ 24.316508123000176, 48.392645188000188 ], [ 24.316273465000108, 48.392949142000134 ], [ 24.315896464000105, 48.393206513 ], [ 24.315527019000172, 48.393357190000131 ], [ 24.315011601000151, 48.39348246000003 ], [ 24.314426827999966, 48.393573847000027 ], [ 24.31362794100005, 48.393598884000085 ], [ 24.313049519000174, 48.393590631000166 ], [ 24.312480186000016, 48.393654578000053 ], [ 24.312035321999986, 48.393806657000141 ], [ 24.310464498000044, 48.394387926000149 ], [ 24.308736460999967, 48.39507162600006 ], [ 24.307458734000079, 48.395446330000141 ], [ 24.306861502, 48.395672602000047 ], [ 24.305994096, 48.396221554000192 ], [ 24.305335959, 48.396614809000141 ], [ 24.304822602000058, 48.396790249000048 ], [ 24.304318940000144, 48.396909215000164 ], [ 24.303212400000064, 48.397075425000025 ], [ 24.302650054000082, 48.39712655500017 ], [ 24.301667658000156, 48.397215882000182 ], [ 24.299768922999988, 48.397491538999986 ], [ 24.299724964000177, 48.397503780000022 ], [ 24.298701316000063, 48.397788837000064 ], [ 24.298313648000089, 48.397914 ], [ 24.297590862000163, 48.398025783000151 ], [ 24.296971812000095, 48.398045340000067 ], [ 24.295833073000153, 48.398006205000115 ], [ 24.29505413600009, 48.397956352000165 ], [ 24.294714942999974, 48.397930490000192 ], [ 24.294350289000192, 48.397969430000046 ] ] ] } }]
}